구분,Asset Class,Sector,Industry,Ticker,Exchange,시장(자동),Role,Priority,Theme / Group,상위 ETF,편입 순위,비중,기준일,출처,종목명,GF Symbol 수동,가격·시장 검증,구성 기준일 상태
마스터,ETF,Broad Market,S&P 500,SPY,AMEX,US,Benchmark ETF,CORE,Broad Market / Index ETF,,,,,,,SPY,연결,마스터
마스터,ETF,Broad Market,Nasdaq-100,QQQ,NASDAQ,US,Benchmark ETF,CORE,Broad Market / Index ETF,,,,,,,NASDAQ:QQQ,연결,마스터
마스터,ETF,Broad Market,Nasdaq-100,QQQM,NASDAQ,US,Benchmark ETF,CORE,Broad Market / Index ETF,,,,,,,QQQM,연결,마스터
마스터,ETF,Broad Market,Nasdaq-100,TQQQ,NASDAQ,US,Benchmark ETF,CORE,Broad Market / Index ETF,,,,,,,TQQQ,연결,마스터
마스터,ETF,Broad Market,S&P 500 Equal Weight,RSP,AMEX,US,Breadth ETF,CORE,Broad Market / Index ETF,,,,,,,RSP,연결,마스터
마스터,ETF,Broad Market,Russell 2000,IWM,AMEX,US,Small Cap Benchmark,CORE,Broad Market / Index ETF,,,,,,,IWM,연결,마스터
마스터,ETF,Broad Market,Dow Jones 30,DIA,AMEX,US,Dow Benchmark,SECONDARY,Broad Market / Index ETF,,,,,,,NYSEARCA:DIA,연결,마스터
마스터,ETF,Broad Market,US Large Cap Growth,VUG,AMEX,US,Growth Benchmark,SECONDARY,Broad Market / Index ETF,,,,,,,VUG,연결,마스터
마스터,ETF,Broad Market,US Large Cap Growth,IWF,AMEX,US,Growth Benchmark,SECONDARY,Broad Market / Index ETF,,,,,,,IWF,연결,마스터
마스터,ETF,Information Technology,Technology Sector,XLK,AMEX,US,Sector ETF,CORE,Sector ETF,,,,,,,XLK,연결,마스터
마스터,ETF,Communication Services,Communication Services Sector,XLC,AMEX,US,Sector ETF,CORE,Sector ETF,,,,,,,XLC,연결,마스터
마스터,ETF,Consumer Discretionary,Consumer Discretionary Sector,XLY,AMEX,US,Sector ETF,CORE,Sector ETF,,,,,,,XLY,연결,마스터
마스터,ETF,Consumer Staples,Consumer Staples Sector,XLP,AMEX,US,Sector ETF,CORE,Sector ETF,,,,,,,XLP,연결,마스터
마스터,ETF,Financials,Financials Sector,XLF,AMEX,US,Sector ETF,CORE,Sector ETF,,,,,,,XLF,연결,마스터
마스터,ETF,Health Care,Health Care Sector,XLV,AMEX,US,Sector ETF,CORE,Sector ETF,,,,,,,XLV,연결,마스터
마스터,ETF,Industrials,Industrials Sector,XLI,AMEX,US,Sector ETF,CORE,Sector ETF,,,,,,,XLI,연결,마스터
마스터,ETF,Energy,Energy Sector,XLE,AMEX,US,Sector ETF,CORE,Sector ETF,,,,,,,XLE,연결,마스터
마스터,ETF,Materials,Materials Sector,XLB,AMEX,US,Sector ETF,CORE,Sector ETF,,,,,,,XLB,연결,마스터
마스터,ETF,Utilities,Utilities Sector,XLU,AMEX,US,Sector ETF,CORE,Sector ETF,,,,,,,XLU,연결,마스터
마스터,ETF,Real Estate,Real Estate Sector,IYR,AMEX,US,Sector ETF,CORE,Sector ETF,,,,,,,IYR,연결,마스터
마스터,ETF,Information Technology,Semiconductors,SMH,NASDAQ,US,Industry ETF,CORE,Sector / Industry ETF,,,,,,,NASDAQ:SMH,연결,마스터
마스터,ETF,Information Technology,Semiconductors,SOXX,NASDAQ,US,Industry ETF,SECONDARY,Sector / Industry ETF,,,,,,,SOXX,연결,마스터
마스터,ETF,Information Technology,Software,IGV,CBOE,US,Industry ETF,CORE,Sector / Industry ETF,,,,,,,IGV,연결,마스터
마스터,ETF,Information Technology,Cybersecurity,CIBR,NASDAQ,US,Industry ETF,CORE,Sector / Industry ETF,,,,,,,CIBR,연결,마스터
마스터,ETF,Health Care,Biotechnology,XBI,AMEX,US,Industry ETF,CORE,Sector / Industry ETF,,,,,,,XBI,연결,마스터
마스터,ETF,Financials,Regional Banks,KRE,AMEX,US,Industry ETF,SECONDARY,Sector / Industry ETF,,,,,,,KRE,연결,마스터
마스터,ETF,Consumer Discretionary,Retail,XRT,AMEX,US,Industry ETF,SECONDARY,Sector / Industry ETF,,,,,,,XRT,연결,마스터
마스터,ETF,Consumer Discretionary,Homebuilders,XHB,AMEX,US,Industry ETF,SECONDARY,Sector / Industry ETF,,,,,,,XHB,연결,마스터
마스터,ETF,Consumer Discretionary,Home Construction,ITB,CBOE,US,Industry ETF,SECONDARY,Sector / Industry ETF,,,,,,,ITB,연결,마스터
마스터,ETF,Energy,Oil & Gas E&P,XOP,AMEX,US,Industry ETF,SECONDARY,Sector / Industry ETF,,,,,,,XOP,연결,마스터
마스터,ETF,Energy,Nuclear / Uranium,NLR,AMEX,US,Industry ETF,CORE,Sector / Industry ETF,,,,,,,NLR,연결,마스터
마스터,ETF,Industrials,Aerospace & Defense,ITA,CBOE,US,Industry ETF,CORE,Sector / Industry ETF,,,,,,,ITA,연결,마스터
마스터,ETF,Industrials,Aerospace & Defense,XAR,AMEX,US,Industry ETF,SECONDARY,Sector / Industry ETF,,,,,,,XAR,연결,마스터
마스터,ETF,Materials,Lithium / Batteries,LIT,AMEX,US,Industry ETF,SECONDARY,Sector / Industry ETF,,,,,,,LIT,연결,마스터
마스터,Equity,Information Technology,Semiconductors,NVDA,NASDAQ,US,Sector / Industry Candidate,A,Auto-ranked by RS/Trend/Volume,,,,,,,NVDA,연결,마스터
마스터,Equity,Information Technology,Software / Cloud,MSFT,NASDAQ,US,Sector / Industry Candidate,A,Auto-ranked by RS/Trend/Volume,,,,,,,MSFT,연결,마스터
마스터,Equity,Information Technology,Consumer Electronics,AAPL,NASDAQ,US,Sector / Industry Candidate,A,Auto-ranked by RS/Trend/Volume,,,,,,,AAPL,연결,마스터
마스터,Equity,Information Technology,Semiconductors,AVGO,NASDAQ,US,Sector / Industry Candidate,A,Auto-ranked by RS/Trend/Volume,,,,,,,AVGO,연결,마스터
마스터,Equity,Information Technology,Semiconductors,AMD,NASDAQ,US,Sector / Industry Candidate,A,Auto-ranked by RS/Trend/Volume,,,,,,,AMD,연결,마스터
마스터,Equity,Information Technology,Memory Semiconductors,MU,NASDAQ,US,Sector / Industry Candidate,A,Auto-ranked by RS/Trend/Volume,,,,,,,MU,연결,마스터
마스터,Equity,Information Technology,Cloud / Database,ORCL,NYSE,US,Sector / Industry Candidate,A,Auto-ranked by RS/Trend/Volume,,,,,,,ORCL,연결,마스터
마스터,Equity,Information Technology,Enterprise AI Software,PLTR,NASDAQ,US,Sector / Industry Candidate,A,Auto-ranked by RS/Trend/Volume,,,,,,,PLTR,연결,마스터
마스터,Equity,Information Technology,Cybersecurity,CRWD,NASDAQ,US,Sector / Industry Candidate,A,Auto-ranked by RS/Trend/Volume,,,,,,,CRWD,연결,마스터
마스터,Equity,Information Technology,Networking,ANET,NYSE,US,Sector / Industry Candidate,A,Auto-ranked by RS/Trend/Volume,,,,,,,ANET,연결,마스터
마스터,Equity,Communication Services,Internet Platforms / Advertising,GOOGL,NASDAQ,US,Sector / Industry Candidate,A,Auto-ranked by RS/Trend/Volume,,,,,,,GOOGL,연결,마스터
마스터,Equity,Communication Services,Social Media / Digital Advertising,META,NASDAQ,US,Sector / Industry Candidate,A,Auto-ranked by RS/Trend/Volume,,,,,,,META,연결,마스터
마스터,Equity,Communication Services,Streaming Media,NFLX,NASDAQ,US,Sector / Industry Candidate,A,Auto-ranked by RS/Trend/Volume,,,,,,,NFLX,연결,마스터
마스터,Equity,Communication Services,Music Streaming,SPOT,NYSE,US,Sector / Industry Candidate,A,Auto-ranked by RS/Trend/Volume,,,,,,,SPOT,연결,마스터
마스터,Equity,Communication Services,Telecom,TMUS,NASDAQ,US,Sector / Industry Candidate,A,Auto-ranked by RS/Trend/Volume,,,,,,,TMUS,연결,마스터
마스터,Equity,Communication Services,Telecom,T,NYSE,US,Sector / Industry Candidate,A,Auto-ranked by RS/Trend/Volume,,,,,,,T,연결,마스터
마스터,Equity,Communication Services,Telecom,VZ,NYSE,US,Sector / Industry Candidate,A,Auto-ranked by RS/Trend/Volume,,,,,,,VZ,연결,마스터
마스터,Equity,Communication Services,Gaming / Metaverse,RBLX,NYSE,US,Sector / Industry Candidate,A,Auto-ranked by RS/Trend/Volume,,,,,,,RBLX,연결,마스터
마스터,Equity,Communication Services,Digital Advertising,PINS,NYSE,US,Sector / Industry Candidate,A,Auto-ranked by RS/Trend/Volume,,,,,,,PINS,연결,마스터
마스터,Equity,Communication Services,Media / Entertainment,DIS,NYSE,US,Sector / Industry Candidate,A,Auto-ranked by RS/Trend/Volume,,,,,,,DIS,연결,마스터
마스터,Equity,Consumer Discretionary,E-Commerce,AMZN,NASDAQ,US,Sector / Industry Candidate,A,Auto-ranked by RS/Trend/Volume,,,,,,,AMZN,연결,마스터
마스터,Equity,Consumer Discretionary,Electric Vehicles,TSLA,NASDAQ,US,Sector / Industry Candidate,A,Auto-ranked by RS/Trend/Volume,,,,,,,TSLA,연결,마스터
마스터,Equity,Consumer Discretionary,Home Improvement,HD,NYSE,US,Sector / Industry Candidate,A,Auto-ranked by RS/Trend/Volume,,,,,,,HD,연결,마스터
마스터,Equity,Consumer Discretionary,Home Improvement,LOW,NYSE,US,Sector / Industry Candidate,A,Auto-ranked by RS/Trend/Volume,,,,,,,LOW,연결,마스터
마스터,Equity,Consumer Discretionary,Off-Price Retail,TJX,NYSE,US,Sector / Industry Candidate,A,Auto-ranked by RS/Trend/Volume,,,,,,,TJX,연결,마스터
마스터,Equity,Consumer Discretionary,Online Travel,BKNG,NASDAQ,US,Sector / Industry Candidate,A,Auto-ranked by RS/Trend/Volume,,,,,,,BKNG,연결,마스터
마스터,Equity,Consumer Discretionary,E-Commerce / FinTech,MELI,NASDAQ,US,Sector / Industry Candidate,A,Auto-ranked by RS/Trend/Volume,,,,,,,MELI,연결,마스터
마스터,Equity,Consumer Discretionary,Restaurants,CMG,NYSE,US,Sector / Industry Candidate,A,Auto-ranked by RS/Trend/Volume,,,,,,,CMG,연결,마스터
마스터,Equity,Consumer Discretionary,Auto Retail,ORLY,NASDAQ,US,Sector / Industry Candidate,A,Auto-ranked by RS/Trend/Volume,,,,,,,ORLY,연결,마스터
마스터,Equity,Consumer Discretionary,Apparel / Footwear,NKE,NYSE,US,Sector / Industry Candidate,A,Auto-ranked by RS/Trend/Volume,,,,,,,NKE,연결,마스터
마스터,Equity,Consumer Staples,Warehouse Retail,COST,NASDAQ,US,Sector / Industry Candidate,A,Auto-ranked by RS/Trend/Volume,,,,,,,COST,연결,마스터
마스터,Equity,Consumer Staples,Mass Retail,WMT,NYSE,US,Sector / Industry Candidate,A,Auto-ranked by RS/Trend/Volume,,,,,,,WMT,연결,마스터
마스터,Equity,Consumer Staples,Household Products,PG,NYSE,US,Sector / Industry Candidate,A,Auto-ranked by RS/Trend/Volume,,,,,,,PG,연결,마스터
마스터,Equity,Consumer Staples,Beverages,KO,NYSE,US,Sector / Industry Candidate,A,Auto-ranked by RS/Trend/Volume,,,,,,,KO,연결,마스터
마스터,Equity,Consumer Staples,Beverages,PEP,NASDAQ,US,Sector / Industry Candidate,A,Auto-ranked by RS/Trend/Volume,,,,,,,PEP,연결,마스터
마스터,Equity,Consumer Staples,Tobacco,PM,NYSE,US,Sector / Industry Candidate,A,Auto-ranked by RS/Trend/Volume,,,,,,,PM,연결,마스터
마스터,Equity,Consumer Staples,Tobacco,MO,NYSE,US,Sector / Industry Candidate,A,Auto-ranked by RS/Trend/Volume,,,,,,,MO,연결,마스터
마스터,Equity,Consumer Staples,Household Products,CL,NYSE,US,Sector / Industry Candidate,A,Auto-ranked by RS/Trend/Volume,,,,,,,CL,연결,마스터
마스터,Equity,Consumer Staples,Packaged Foods,MDLZ,NASDAQ,US,Sector / Industry Candidate,A,Auto-ranked by RS/Trend/Volume,,,,,,,MDLZ,연결,마스터
마스터,Equity,Consumer Staples,Grocery Retail,KR,NYSE,US,Sector / Industry Candidate,A,Auto-ranked by RS/Trend/Volume,,,,,,,KR,연결,마스터
마스터,Equity,Financials,Banks,JPM,NYSE,US,Sector / Industry Candidate,A,Auto-ranked by RS/Trend/Volume,,,,,,,JPM,연결,마스터
마스터,Equity,Financials,Banks,BAC,NYSE,US,Sector / Industry Candidate,A,Auto-ranked by RS/Trend/Volume,,,,,,,BAC,연결,마스터
마스터,Equity,Financials,Banks,WFC,NYSE,US,Sector / Industry Candidate,A,Auto-ranked by RS/Trend/Volume,,,,,,,WFC,연결,마스터
마스터,Equity,Financials,Investment Banking,GS,NYSE,US,Sector / Industry Candidate,A,Auto-ranked by RS/Trend/Volume,,,,,,,GS,연결,마스터
마스터,Equity,Financials,Investment Banking,MS,NYSE,US,Sector / Industry Candidate,A,Auto-ranked by RS/Trend/Volume,,,,,,,MS,연결,마스터
마스터,Equity,Financials,Payments,V,NYSE,US,Sector / Industry Candidate,A,Auto-ranked by RS/Trend/Volume,,,,,,,V,연결,마스터
마스터,Equity,Financials,Payments,MA,NYSE,US,Sector / Industry Candidate,A,Auto-ranked by RS/Trend/Volume,,,,,,,MA,연결,마스터
마스터,Equity,Financials,Digital Brokerage,HOOD,NASDAQ,US,Sector / Industry Candidate,A,Auto-ranked by RS/Trend/Volume,,,,,,,HOOD,연결,마스터
마스터,Equity,Financials,Crypto Exchange,COIN,NASDAQ,US,Sector / Industry Candidate,A,Auto-ranked by RS/Trend/Volume,,,,,,,COIN,연결,마스터
마스터,Equity,Financials,Brokerage / Asset Management,SCHW,NYSE,US,Sector / Industry Candidate,A,Auto-ranked by RS/Trend/Volume,,,,,,,SCHW,연결,마스터
마스터,Equity,Health Care,Pharmaceuticals / Obesity,LLY,NYSE,US,Sector / Industry Candidate,A,Auto-ranked by RS/Trend/Volume,,,,,,,LLY,연결,마스터
마스터,Equity,Health Care,Pharmaceuticals / Obesity,NVO,NYSE,US,Sector / Industry Candidate,A,Auto-ranked by RS/Trend/Volume,,,,,,,NVO,연결,마스터
마스터,Equity,Health Care,Managed Care,UNH,NYSE,US,Sector / Industry Candidate,A,Auto-ranked by RS/Trend/Volume,,,,,,,UNH,연결,마스터
마스터,Equity,Health Care,Biotechnology,VRTX,NASDAQ,US,Sector / Industry Candidate,A,Auto-ranked by RS/Trend/Volume,,,,,,,VRTX,연결,마스터
마스터,Equity,Health Care,Biotechnology,AMGN,NASDAQ,US,Sector / Industry Candidate,A,Auto-ranked by RS/Trend/Volume,,,,,,,AMGN,연결,마스터
마스터,Equity,Health Care,Biotechnology,GILD,NASDAQ,US,Sector / Industry Candidate,A,Auto-ranked by RS/Trend/Volume,,,,,,,GILD,연결,마스터
마스터,Equity,Health Care,Medical Devices / Robotics,ISRG,NASDAQ,US,Sector / Industry Candidate,A,Auto-ranked by RS/Trend/Volume,,,,,,,ISRG,연결,마스터
마스터,Equity,Health Care,Life Science Tools,TMO,NYSE,US,Sector / Industry Candidate,A,Auto-ranked by RS/Trend/Volume,,,,,,,TMO,연결,마스터
마스터,Equity,Health Care,Digital Health,HIMS,NYSE,US,Sector / Industry Candidate,A,Auto-ranked by RS/Trend/Volume,,,,,,,HIMS,연결,마스터
마스터,Equity,Health Care,AI Precision Medicine,TEM,NASDAQ,US,Sector / Industry Candidate,A,Auto-ranked by RS/Trend/Volume,,,,,,,TEM,연결,마스터
마스터,Equity,Industrials,Energy Infrastructure Equipment,GEV,NYSE,US,Sector / Industry Candidate,A,Auto-ranked by RS/Trend/Volume,,,,,,,GEV,연결,마스터
마스터,Equity,Industrials,Aerospace / Industrial,GE,NYSE,US,Sector / Industry Candidate,A,Auto-ranked by RS/Trend/Volume,,,,,,,GE,연결,마스터
마스터,Equity,Industrials,Aerospace Components,HWM,NYSE,US,Sector / Industry Candidate,A,Auto-ranked by RS/Trend/Volume,,,,,,,HWM,연결,마스터
마스터,Equity,Industrials,Aerospace & Defense,RTX,NYSE,US,Sector / Industry Candidate,A,Auto-ranked by RS/Trend/Volume,,,,,,,RTX,연결,마스터
마스터,Equity,Industrials,Aerospace & Defense,LMT,NYSE,US,Sector / Industry Candidate,A,Auto-ranked by RS/Trend/Volume,,,,,,,LMT,연결,마스터
마스터,Equity,Industrials,Aerospace & Defense,NOC,NYSE,US,Sector / Industry Candidate,A,Auto-ranked by RS/Trend/Volume,,,,,,,NOC,연결,마스터
마스터,Equity,Industrials,Machinery,CAT,NYSE,US,Sector / Industry Candidate,A,Auto-ranked by RS/Trend/Volume,,,,,,,CAT,연결,마스터
마스터,Equity,Industrials,Electrical Equipment,ETN,NYSE,US,Sector / Industry Candidate,A,Auto-ranked by RS/Trend/Volume,,,,,,,ETN,연결,마스터
마스터,Equity,Industrials,Engineering / Grid,PWR,NYSE,US,Sector / Industry Candidate,A,Auto-ranked by RS/Trend/Volume,,,,,,,PWR,연결,마스터
마스터,Equity,Industrials,Defense Drones,AVAV,NASDAQ,US,Sector / Industry Candidate,A,Auto-ranked by RS/Trend/Volume,,,,,,,AVAV,연결,마스터
마스터,Equity,Energy,Integrated Oil & Gas,XOM,NYSE,US,Sector / Industry Candidate,A,Auto-ranked by RS/Trend/Volume,,,,,,,XOM,연결,마스터
마스터,Equity,Energy,Integrated Oil & Gas,CVX,NYSE,US,Sector / Industry Candidate,A,Auto-ranked by RS/Trend/Volume,,,,,,,CVX,연결,마스터
마스터,Equity,Energy,Exploration & Production,COP,NYSE,US,Sector / Industry Candidate,A,Auto-ranked by RS/Trend/Volume,,,,,,,COP,연결,마스터
마스터,Equity,Energy,Exploration & Production,EOG,NYSE,US,Sector / Industry Candidate,A,Auto-ranked by RS/Trend/Volume,,,,,,,EOG,연결,마스터
마스터,Equity,Energy,Exploration & Production,OXY,NYSE,US,Sector / Industry Candidate,A,Auto-ranked by RS/Trend/Volume,,,,,,,OXY,연결,마스터
마스터,Equity,Energy,Oilfield Services,SLB,NYSE,US,Sector / Industry Candidate,A,Auto-ranked by RS/Trend/Volume,,,,,,,SLB,연결,마스터
마스터,Equity,Energy,LNG Infrastructure,LNG,NYSE,US,Sector / Industry Candidate,A,Auto-ranked by RS/Trend/Volume,,,,,,,LNG,연결,마스터
마스터,Equity,Energy,Refining,VLO,NYSE,US,Sector / Industry Candidate,A,Auto-ranked by RS/Trend/Volume,,,,,,,VLO,연결,마스터
마스터,Equity,Energy,Refining,MPC,NYSE,US,Sector / Industry Candidate,A,Auto-ranked by RS/Trend/Volume,,,,,,,MPC,연결,마스터
마스터,Equity,Energy,Uranium / Nuclear Materials,CCJ,NYSE,US,Sector / Industry Candidate,A,Auto-ranked by RS/Trend/Volume,,,,,,,CCJ,연결,마스터
마스터,Equity,Materials,Industrial Gases,LIN,NASDAQ,US,Sector / Industry Candidate,A,Auto-ranked by RS/Trend/Volume,,,,,,,LIN,연결,마스터
마스터,Equity,Materials,Coatings,SHW,NYSE,US,Sector / Industry Candidate,A,Auto-ranked by RS/Trend/Volume,,,,,,,SHW,연결,마스터
마스터,Equity,Materials,Copper Mining,FCX,NYSE,US,Sector / Industry Candidate,A,Auto-ranked by RS/Trend/Volume,,,,,,,FCX,연결,마스터
마스터,Equity,Materials,Gold Mining,NEM,NYSE,US,Sector / Industry Candidate,A,Auto-ranked by RS/Trend/Volume,,,,,,,NEM,연결,마스터
마스터,Equity,Materials,Gold Mining,AEM,NYSE,US,Sector / Industry Candidate,A,Auto-ranked by RS/Trend/Volume,,,,,,,AEM,연결,마스터
마스터,Equity,Materials,Steel,NUE,NYSE,US,Sector / Industry Candidate,A,Auto-ranked by RS/Trend/Volume,,,,,,,NUE,연결,마스터
마스터,Equity,Materials,Steel,STLD,NASDAQ,US,Sector / Industry Candidate,A,Auto-ranked by RS/Trend/Volume,,,,,,,STLD,연결,마스터
마스터,Equity,Materials,Construction Materials,MLM,NYSE,US,Sector / Industry Candidate,A,Auto-ranked by RS/Trend/Volume,,,,,,,MLM,연결,마스터
마스터,Equity,Materials,Construction Materials,VMC,NYSE,US,Sector / Industry Candidate,A,Auto-ranked by RS/Trend/Volume,,,,,,,VMC,연결,마스터
마스터,Equity,Materials,Lithium,ALB,NYSE,US,Sector / Industry Candidate,A,Auto-ranked by RS/Trend/Volume,,,,,,,ALB,연결,마스터
마스터,Equity,Utilities,Nuclear / Clean Power,CEG,NASDAQ,US,Sector / Industry Candidate,A,Auto-ranked by RS/Trend/Volume,,,,,,,CEG,연결,마스터
마스터,Equity,Utilities,Independent Power Producer,NRG,NYSE,US,Sector / Industry Candidate,A,Auto-ranked by RS/Trend/Volume,,,,,,,NRG,연결,마스터
마스터,Equity,Utilities,Independent Power Producer,VST,NYSE,US,Sector / Industry Candidate,A,Auto-ranked by RS/Trend/Volume,,,,,,,VST,연결,마스터
마스터,Equity,Utilities,Electric Utility,NEE,NYSE,US,Sector / Industry Candidate,A,Auto-ranked by RS/Trend/Volume,,,,,,,NEE,연결,마스터
마스터,Equity,Utilities,Electric Utility,SO,NYSE,US,Sector / Industry Candidate,A,Auto-ranked by RS/Trend/Volume,,,,,,,SO,연결,마스터
마스터,Equity,Utilities,Electric Utility,DUK,NYSE,US,Sector / Industry Candidate,A,Auto-ranked by RS/Trend/Volume,,,,,,,DUK,연결,마스터
마스터,Equity,Utilities,Electric Utility,AEP,NASDAQ,US,Sector / Industry Candidate,A,Auto-ranked by RS/Trend/Volume,,,,,,,AEP,연결,마스터
마스터,Equity,Utilities,Electric Utility,SRE,NYSE,US,Sector / Industry Candidate,A,Auto-ranked by RS/Trend/Volume,,,,,,,SRE,연결,마스터
마스터,Equity,Utilities,Independent Power Producer,TLN,NASDAQ,US,Sector / Industry Candidate,A,Auto-ranked by RS/Trend/Volume,,,,,,,TLN,연결,마스터
마스터,Equity,Utilities,Electric Utility,EXC,NASDAQ,US,Sector / Industry Candidate,A,Auto-ranked by RS/Trend/Volume,,,,,,,EXC,연결,마스터
마스터,Equity,Real Estate,Industrial REIT,PLD,NYSE,US,Sector / Industry Candidate,A,Auto-ranked by RS/Trend/Volume,,,,,,,PLD,연결,마스터
마스터,Equity,Real Estate,Tower REIT,AMT,NYSE,US,Sector / Industry Candidate,A,Auto-ranked by RS/Trend/Volume,,,,,,,AMT,연결,마스터
마스터,Equity,Real Estate,Data Center REIT,EQIX,NASDAQ,US,Sector / Industry Candidate,A,Auto-ranked by RS/Trend/Volume,,,,,,,EQIX,연결,마스터
마스터,Equity,Real Estate,Health Care REIT,WELL,NYSE,US,Sector / Industry Candidate,A,Auto-ranked by RS/Trend/Volume,,,,,,,WELL,연결,마스터
마스터,Equity,Real Estate,Mall REIT,SPG,NYSE,US,Sector / Industry Candidate,A,Auto-ranked by RS/Trend/Volume,,,,,,,SPG,연결,마스터
마스터,Equity,Real Estate,Net Lease REIT,O,NYSE,US,Sector / Industry Candidate,A,Auto-ranked by RS/Trend/Volume,,,,,,,O,연결,마스터
마스터,Equity,Real Estate,Data Center REIT,DLR,NYSE,US,Sector / Industry Candidate,A,Auto-ranked by RS/Trend/Volume,,,,,,,DLR,연결,마스터
마스터,Equity,Real Estate,Tower REIT,CCI,NYSE,US,Sector / Industry Candidate,A,Auto-ranked by RS/Trend/Volume,,,,,,,CCI,연결,마스터
마스터,Equity,Real Estate,Self Storage REIT,PSA,NYSE,US,Sector / Industry Candidate,A,Auto-ranked by RS/Trend/Volume,,,,,,,PSA,연결,마스터
마스터,Equity,Real Estate,Gaming / Experiential REIT,VICI,NYSE,US,Sector / Industry Candidate,A,Auto-ranked by RS/Trend/Volume,,,,,,,VICI,연결,마스터
마스터,ETF,Digital Assets,Bitcoin Spot ETF,IBIT,NASDAQ,US,Crypto Benchmark ETF,CORE,Bitcoin / Spot ETF,,,,,,,IBIT,연결,마스터
마스터,ETF,Digital Assets,Bitcoin Spot ETF,FBTC,BATS,US,Crypto Benchmark ETF,SECONDARY,Bitcoin / Spot ETF,,,,,,,FBTC,시장·통화 확인,마스터
마스터,ETF,Digital Assets,Bitcoin Spot ETF,ARKB,BATS,US,Crypto Benchmark ETF,SECONDARY,Bitcoin / Spot ETF,,,,,,,ARKB,연결,마스터
마스터,ETF,Digital Assets,Bitcoin Spot ETF,BITB,ARCA,US,Crypto Benchmark ETF,SECONDARY,Bitcoin / Spot ETF,,,,,,,BITB,연결,마스터
마스터,ETF,Digital Assets,Bitcoin Spot ETF,GBTC,ARCA,US,Crypto Benchmark ETF,SECONDARY,Bitcoin / Spot ETF,,,,,,,GBTC,연결,마스터
마스터,ETF,Digital Assets,Ethereum Spot ETF,ETHA,NASDAQ,US,Crypto Benchmark ETF,CORE,Ethereum / Spot ETF,,,,,,,ETHA,연결,마스터
마스터,ETF,Digital Assets,Ethereum Spot ETF,FETH,BATS,US,Crypto Benchmark ETF,SECONDARY,Ethereum / Spot ETF,,,,,,,FETH,시장·통화 확인,마스터
마스터,ETF,Digital Assets,Ethereum Spot ETF,ETHE,ARCA,US,Crypto Benchmark ETF,SECONDARY,Ethereum / Spot ETF,,,,,,,ETHE,연결,마스터
마스터,Equity,Digital Assets,Bitcoin Treasury,MSTR,NASDAQ,US,Crypto Leader,A,Bitcoin Treasury / Proxy,,,,,,,MSTR,연결,마스터
마스터,Equity,Digital Assets,Stablecoin Infrastructure,CRCL,NYSE,US,Crypto Leader,A,Stablecoin / Payments,,,,,,,CRCL,연결,마스터
마스터,Equity,Digital Assets,Digital Asset Financial Services,GLXY,NASDAQ,US,Crypto Leader,A,Crypto Financial Platform,,,,,,,GLXY,연결,마스터
마스터,Equity,Digital Assets,Bitcoin Mining,MARA,NASDAQ,US,Crypto Mining Leader,A,Bitcoin Mining,,,,,,,MARA,연결,마스터
마스터,Equity,Digital Assets,Bitcoin Mining,RIOT,NASDAQ,US,Crypto Mining Leader,A,Bitcoin Mining,,,,,,,RIOT,연결,마스터
마스터,Equity,Digital Assets,Bitcoin Mining,CLSK,NASDAQ,US,Crypto Mining Leader,A,Bitcoin Mining,,,,,,,CLSK,연결,마스터
마스터,Equity,Digital Assets,Bitcoin Mining / AI Infrastructure,IREN,NASDAQ,US,Crypto Infrastructure Leader,A,Bitcoin Mining / AI Data Center,,,,,,,IREN,연결,마스터
마스터,Equity,Digital Assets,Ethereum Treasury,BMNR,NYSE,US,Crypto Treasury Leader,A,Ethereum Treasury,,,,,,,BMNR,연결,마스터
마스터,ETF,Broad Market,KOSPI 200,069500,KRX,KR,KODEX Benchmark ETF,KR-CORE,Korea / Market Benchmark,,,,,,,KRX:069500,연결,마스터
마스터,ETF,Broad Market,KOSPI 200,102110,KRX,KR,TIGER Benchmark ETF,KR-CORE,Korea / Market Benchmark,,,,,,,KRX:102110,연결,마스터
마스터,ETF,Broad Market,KOSDAQ 150,229200,KRX,KR,KODEX Benchmark ETF,KR-CORE,Korea / Market Benchmark,,,,,,,KRX:229200,연결,마스터
마스터,ETF,Broad Market,KOSDAQ 150,232080,KRX,KR,TIGER Benchmark ETF,KR-CORE,Korea / Market Benchmark,,,,,,,KRX:232080,연결,마스터
마스터,ETF,Information Technology,Semiconductors,091160,KRX,KR,KODEX Sector ETF,KR-CORE,Korea / Semiconductors,,,,,,,KRX:091160,연결,마스터
마스터,ETF,Information Technology,Semiconductors,396500,KRX,KR,TIGER Sector ETF,KR-CORE,Korea / Semiconductors,,,,,,,KRX:396500,연결,마스터
마스터,Equity,Information Technology,Semiconductors,005930,KOSPI,KR,Korea Sector / Industry Candidate,A,KR Leader / Representative,,,,,,,KRX:005930,연결,마스터
마스터,Equity,Information Technology,Memory Semiconductors,000660,KOSPI,KR,Korea Sector / Industry Candidate,A,KR Leader / Representative,,,,,,,KRX:000660,연결,마스터
마스터,Equity,Information Technology,Semiconductor Equipment,042700,KOSPI,KR,Korea Sector / Industry Candidate,A,KR Leader / Representative,,,,,,,KRX:042700,연결,마스터
마스터,Equity,Information Technology,Semiconductor Equipment / Testing,058470,KOSDAQ,KR,Korea Sector / Industry Candidate,A,KR Leader / Representative,,,,,,,KOSDAQ:058470,연결,마스터
마스터,ETF,Materials,Secondary Batteries,305720,KRX,KR,KODEX Industry ETF,KR-CORE,Korea / Secondary Batteries,,,,,,,KRX:305720,연결,마스터
마스터,ETF,Materials,Secondary Batteries,305540,KRX,KR,TIGER Industry ETF,KR-CORE,Korea / Secondary Batteries,,,,,,,KRX:305540,연결,마스터
마스터,Equity,Information Technology,Battery Cells,373220,KOSPI,KR,Korea Sector / Industry Candidate,A,KR Leader / Representative,,,,,,,KRX:373220,연결,마스터
마스터,Equity,Materials,Battery Materials,003670,KOSPI,KR,Korea Sector / Industry Candidate,A,KR Leader / Representative,,,,,,,KRX:003670,연결,마스터
마스터,Equity,Materials,Cathode Materials,247540,KOSDAQ,KR,Korea Sector / Industry Candidate,A,KR Leader / Representative,,,,,,,KOSDAQ:247540,연결,마스터
마스터,Equity,Materials,Battery Materials / Holding,086520,KOSDAQ,KR,Korea Sector / Industry Candidate,A,KR Leader / Representative,,,,,,,KOSDAQ:086520,연결,마스터
마스터,ETF,Health Care,Biotechnology,244580,KRX,KR,KODEX Industry ETF,KR-CORE,Korea / Bio & Healthcare,,,,,,,KRX:244580,연결,마스터
마스터,ETF,Health Care,Biotechnology,364970,KRX,KR,TIGER Industry ETF,KR-CORE,Korea / Bio & Healthcare,,,,,,,KRX:364970,연결,마스터
마스터,Equity,Health Care,Biologics CDMO,207940,KOSPI,KR,Korea Sector / Industry Candidate,A,KR Leader / Representative,,,,,,,KRX:207940,연결,마스터
마스터,Equity,Health Care,Biopharma,068270,KOSPI,KR,Korea Sector / Industry Candidate,A,KR Leader / Representative,,,,,,,KRX:068270,연결,마스터
마스터,Equity,Health Care,Biotechnology / Platform,196170,KOSDAQ,KR,Korea Sector / Industry Candidate,A,KR Leader / Representative,,,,,,,KOSDAQ:196170,연결,마스터
마스터,Equity,Health Care,ADC Biotechnology,141080,KOSDAQ,KR,Korea Sector / Industry Candidate,A,KR Leader / Representative,,,,,,,KOSDAQ:141080,연결,마스터
마스터,ETF,Industrials,Aerospace & Defense,0080G0,KRX,KR,KODEX Industry ETF,KR-CORE,Korea / Defense & Aerospace,,,,,,,0080G0,연결,마스터
마스터,ETF,Industrials,Aerospace & Defense,463250,KRX,KR,TIGER Industry ETF,KR-CORE,Korea / Defense & Aerospace,,,,,,,KRX:463250,연결,마스터
마스터,Equity,Industrials,Aerospace & Defense,012450,KOSPI,KR,Korea Sector / Industry Candidate,A,KR Leader / Representative,,,,,,,KRX:012450,연결,마스터
마스터,Equity,Industrials,Missiles / Defense Electronics,079550,KOSPI,KR,Korea Sector / Industry Candidate,A,KR Leader / Representative,,,,,,,KRX:079550,연결,마스터
마스터,Equity,Industrials,Aerospace,047810,KOSPI,KR,Korea Sector / Industry Candidate,A,KR Leader / Representative,,,,,,,KRX:047810,연결,마스터
마스터,Equity,Industrials,Defense Vehicles / Rail,064350,KOSPI,KR,Korea Sector / Industry Candidate,A,KR Leader / Representative,,,,,,,KRX:064350,연결,마스터
마스터,ETF,Industrials,Shipbuilding,0115D0,KRX,KR,KODEX Industry ETF,KR-CORE,Korea / Shipbuilding,,,,,,,0115D0,연결,마스터
마스터,ETF,Industrials,Shipbuilding,494670,KRX,KR,TIGER Industry ETF,KR-CORE,Korea / Shipbuilding,,,,,,,KRX:494670,연결,마스터
마스터,Equity,Industrials,Shipbuilding,009540,KOSPI,KR,Korea Sector / Industry Candidate,A,KR Leader / Representative,,,,,,,KRX:009540,연결,마스터
마스터,Equity,Industrials,Shipbuilding,329180,KOSPI,KR,Korea Sector / Industry Candidate,A,KR Leader / Representative,,,,,,,KRX:329180,연결,마스터
마스터,Equity,Industrials,Shipbuilding,042660,KOSPI,KR,Korea Sector / Industry Candidate,A,KR Leader / Representative,,,,,,,KRX:042660,연결,마스터
마스터,Equity,Industrials,Shipbuilding,010140,KOSPI,KR,Korea Sector / Industry Candidate,A,KR Leader / Representative,,,,,,,KRX:010140,연결,마스터
마스터,ETF,Consumer Discretionary,Automobiles,091180,KRX,KR,KODEX Sector ETF,KR-CORE,Korea / Automobiles,,,,,,,KRX:091180,연결,마스터
마스터,ETF,Consumer Discretionary,Automobiles / Mobility,138540,KRX,KR,TIGER Sector ETF,KR-CORE,Korea / Automobiles,,,,,,,KRX:138540,연결,마스터
마스터,Equity,Consumer Discretionary,Automobiles,005380,KOSPI,KR,Korea Sector / Industry Candidate,A,KR Leader / Representative,,,,,,,KRX:005380,연결,마스터
마스터,Equity,Consumer Discretionary,Automobiles,000270,KOSPI,KR,Korea Sector / Industry Candidate,A,KR Leader / Representative,,,,,,,KRX:000270,연결,마스터
마스터,Equity,Consumer Discretionary,Auto Parts / Mobility,012330,KOSPI,KR,Korea Sector / Industry Candidate,A,KR Leader / Representative,,,,,,,KRX:012330,연결,마스터
마스터,Equity,Consumer Discretionary,Auto Parts / ADAS,204320,KOSPI,KR,Korea Sector / Industry Candidate,A,KR Leader / Representative,,,,,,,KRX:204320,연결,마스터
마스터,ETF,Financials,Banks,091170,KRX,KR,KODEX Sector ETF,KR-CORE,Korea / Banks & Financials,,,,,,,KRX:091170,연결,마스터
마스터,ETF,Financials,Banks,091220,KRX,KR,TIGER Sector ETF,KR-CORE,Korea / Banks & Financials,,,,,,,KRX:091220,연결,마스터
마스터,Equity,Financials,Financial Holding / Banks,105560,KOSPI,KR,Korea Sector / Industry Candidate,A,KR Leader / Representative,,,,,,,KRX:105560,연결,마스터
마스터,Equity,Financials,Financial Holding / Banks,055550,KOSPI,KR,Korea Sector / Industry Candidate,A,KR Leader / Representative,,,,,,,KRX:055550,연결,마스터
마스터,Equity,Financials,Financial Holding / Banks,086790,KOSPI,KR,Korea Sector / Industry Candidate,A,KR Leader / Representative,,,,,,,KRX:086790,연결,마스터
마스터,Equity,Financials,Financial Holding / Banks,316140,KOSPI,KR,Korea Sector / Industry Candidate,A,KR Leader / Representative,,,,,,,KRX:316140,연결,마스터
마스터,ETF,Industrials,Power Grid Equipment,487240,KRX,KR,KODEX Industry ETF,KR-CORE,Korea / Power Grid & Heavy Industry,,,,,,,KRX:487240,연결,마스터
마스터,ETF,Industrials,Heavy Industry,139230,KRX,KR,TIGER Sector ETF,KR-CORE,Korea / Power Grid & Heavy Industry,,,,,,,KRX:139230,연결,마스터
마스터,Equity,Industrials,Electrical Equipment,267260,KOSPI,KR,Korea Sector / Industry Candidate,A,KR Leader / Representative,,,,,,,KRX:267260,연결,마스터
마스터,Equity,Industrials,Electrical Equipment,298040,KOSPI,KR,Korea Sector / Industry Candidate,A,KR Leader / Representative,,,,,,,KRX:298040,연결,마스터
마스터,Equity,Industrials,Electrical Equipment / Automation,010120,KOSPI,KR,Korea Sector / Industry Candidate,A,KR Leader / Representative,,,,,,,KRX:010120,연결,마스터
마스터,Equity,Industrials,Power Cable / Infrastructure,006260,KOSPI,KR,Korea Sector / Industry Candidate,A,KR Leader / Representative,,,,,,,KRX:006260,연결,마스터
마스터,ETF,Communication Services,Media & Entertainment,266360,KRX,KR,KODEX Sector ETF,KR-CORE,Korea / Media & Entertainment,,,,,,,KRX:266360,연결,마스터
마스터,ETF,Communication Services,Media & Content,228810,KRX,KR,TIGER Sector ETF,KR-CORE,Korea / Media & Entertainment,,,,,,,KRX:228810,연결,마스터
마스터,Equity,Communication Services,Music / Entertainment,352820,KOSPI,KR,Korea Sector / Industry Candidate,A,KR Leader / Representative,,,,,,,KRX:352820,연결,마스터
마스터,Equity,Communication Services,Music / Entertainment,035900,KOSDAQ,KR,Korea Sector / Industry Candidate,A,KR Leader / Representative,,,,,,,KOSDAQ:035900,연결,마스터
마스터,Equity,Communication Services,Music / Entertainment,041510,KOSDAQ,KR,Korea Sector / Industry Candidate,A,KR Leader / Representative,,,,,,,KOSDAQ:041510,연결,마스터
마스터,Equity,Communication Services,Media / Content,035760,KOSDAQ,KR,Korea Sector / Industry Candidate,A,KR Leader / Representative,,,,,,,KOSDAQ:035760,연결,마스터
마스터,ETF,Information Technology,US AI Technology,485540,KRX,KR,KODEX Theme ETF,KR-CORE,Korea-listed / US AI Technology,,,,,,,KRX:485540,연결,마스터
마스터,ETF,Industrials,US AI Power Infrastructure,487230,KRX,KR,KODEX Theme ETF,KR-CORE,Korea-listed / US AI Power Infrastructure,,,,,,,KRX:487230,연결,마스터
마스터,ETF,Information Technology,Quantum Computing,0023A0,KRX,KR,SOL Theme ETF,KR-CORE,Korea-listed / US Quantum Computing,,,,,,,0023A0,연결,마스터
마스터,ETF,Information Technology,Semiconductors,0162Z0,KRX,KR,RISE Sector ETF,KR-CORE,Korea / Samsung Electronics + SK Hynix,,,,,,,0162Z0,연결,마스터
마스터,ETF,Information Technology,AI Semiconductors,0167A0,KRX,KR,SOL Sector ETF,KR-CORE,Korea / AI Semiconductors,,,,,,,0167A0,연결,마스터
마스터,ETF,Communication Services,Media & Communication,463690,KRX,KR,KODEX Sector ETF,KR-CORE,Official Sector / KODEX 미국S&P500커뮤니케이션,,,,,,,KRX:463690,연결,마스터
마스터,ETF,Consumer Discretionary,Consumer Discretionary,266390,KRX,KR,KODEX Sector ETF,KR-CORE,Official Sector / KODEX 경기소비재,,,,,,,KRX:266390,연결,마스터
마스터,ETF,Consumer Discretionary,Consumer Discretionary,453660,KRX,KR,KODEX Sector ETF,KR-CORE,Official Sector / KODEX 미국S&P500 경기소비재,,,,,,,KRX:453660,연결,마스터
마스터,ETF,Consumer Staples,Consumer Staples,266410,KRX,KR,KODEX Sector ETF,KR-CORE,Official Sector / KODEX 필수소비재,,,,,,,KRX:266410,연결,마스터
마스터,ETF,Consumer Staples,Consumer Staples,453630,KRX,KR,KODEX Sector ETF,KR-CORE,Official Sector / KODEX 미국S&P500 필수소비재,,,,,,,KRX:453630,연결,마스터
마스터,ETF,Energy,Energy,218420,KRX,KR,KODEX Sector ETF,KR-CORE,Official Sector / KODEX 미국S&P500에너지(합성),,,,,,,KRX:218420,연결,마스터
마스터,ETF,Financials,Financial Services,453650,KRX,KR,KODEX Sector ETF,KR-CORE,Official Sector / KODEX 미국S&P500금융,,,,,,,KRX:453650,연결,마스터
마스터,ETF,Financials,Insurance,140700,KRX,KR,KODEX Sector ETF,KR-CORE,Official Sector / KODEX 보험,,,,,,,KRX:140700,연결,마스터
마스터,ETF,Financials,Securities,102970,KRX,KR,KODEX Sector ETF,KR-CORE,Official Sector / KODEX 증권,,,,,,,KRX:102970,연결,마스터
마스터,ETF,Health Care,Health Care,266420,KRX,KR,KODEX Sector ETF,KR-CORE,Official Sector / KODEX 헬스케어,,,,,,,KRX:266420,연결,마스터
마스터,ETF,Health Care,Health Care,453640,KRX,KR,KODEX Sector ETF,KR-CORE,Official Sector / KODEX 미국S&P500 헬스케어,,,,,,,KRX:453640,연결,마스터
마스터,ETF,Industrials,Construction,117700,KRX,KR,KODEX Sector ETF,KR-CORE,Official Sector / KODEX 건설,,,,,,,KRX:117700,연결,마스터
마스터,ETF,Industrials,Industrials,200030,KRX,KR,KODEX Sector ETF,KR-CORE,Official Sector / KODEX 미국S&P500산업재(합성),,,,,,,KRX:200030,연결,마스터
마스터,ETF,Industrials,Machinery,102960,KRX,KR,KODEX Sector ETF,KR-CORE,Official Sector / KODEX 기계장비,,,,,,,KRX:102960,연결,마스터
마스터,ETF,Industrials,Transportation,140710,KRX,KR,KODEX Sector ETF,KR-CORE,Official Sector / KODEX 운송,,,,,,,KRX:140710,연결,마스터
마스터,ETF,Information Technology,Information Technology,266370,KRX,KR,KODEX Sector ETF,KR-CORE,Official Sector / KODEX IT,,,,,,,KRX:266370,연결,마스터
마스터,ETF,Information Technology,Information Technology,363580,KRX,KR,KODEX Sector ETF,KR-CORE,Official Sector / KODEX 200IT TR,,,,,,,KRX:363580,연결,마스터
마스터,ETF,Information Technology,Information Technology,463680,KRX,KR,KODEX Sector ETF,KR-CORE,Official Sector / KODEX 미국S&P500테크놀로지,,,,,,,KRX:463680,연결,마스터
마스터,ETF,Information Technology,Semiconductors,0190G0,KRX,KR,KODEX Sector ETF,KR-CORE,Official Sector / KODEX 반도체타겟위클리커버드콜 [커버드콜],,,,,,,0190G0,연결,마스터
마스터,ETF,Materials,Chemicals & Energy Materials,117460,KRX,KR,KODEX Sector ETF,KR-CORE,Official Sector / KODEX 에너지화학,,,,,,,KRX:117460,연결,마스터
마스터,ETF,Materials,Steel,117680,KRX,KR,KODEX Sector ETF,KR-CORE,Official Sector / KODEX 철강,,,,,,,KRX:117680,연결,마스터
마스터,ETF,Utilities,Utilities,463640,KRX,KR,KODEX Sector ETF,KR-CORE,Official Sector / KODEX 미국S&P500유틸리티,,,,,,,KRX:463640,연결,마스터
마스터,ETF,Communication Services,Media & Communication,315270,KRX,KR,TIGER Sector ETF,KR-CORE,Official Sector / TIGER 200 커뮤니케이션서비스,,,,,,,KRX:315270,연결,마스터
마스터,ETF,Consumer Discretionary,Automobiles & Mobility,449680,KRX,KR,TIGER Sector ETF,KR-CORE,Official Sector / TIGER 한중전기차(합성),,,,,,,KRX:449680,연결,마스터
마스터,ETF,Consumer Discretionary,Automobiles & Mobility,456680,KRX,KR,TIGER Sector ETF,KR-CORE,Official Sector / TIGER 차이나전기차레버리지(합성) [레버리지],,,,,,,KRX:456680,연결,마스터
마스터,ETF,Consumer Discretionary,Consumer Discretionary,139290,KRX,KR,TIGER Sector ETF,KR-CORE,Official Sector / TIGER 200 경기소비재,,,,,,,KRX:139290,연결,마스터
마스터,ETF,Consumer Staples,Consumer Staples,227560,KRX,KR,TIGER Sector ETF,KR-CORE,Official Sector / TIGER 200 생활소비재,,,,,,,KRX:227560,연결,마스터
마스터,ETF,Consumer Staples,Cosmetics,228790,KRX,KR,TIGER Sector ETF,KR-CORE,Official Sector / TIGER 화장품,,,,,,,KRX:228790,연결,마스터
마스터,ETF,Consumer Staples,Defensive Consumer,139280,KRX,KR,TIGER Sector ETF,KR-CORE,Official Sector / TIGER 경기방어,,,,,,,KRX:139280,연결,마스터
마스터,ETF,Financials,Financial Services,139270,KRX,KR,TIGER Sector ETF,KR-CORE,Official Sector / TIGER 200 금융,,,,,,,KRX:139270,연결,마스터
마스터,ETF,Financials,Securities,0133E0,KRX,KR,TIGER Sector ETF,KR-CORE,Official Sector / TIGER 차이나증권,,,,,,,KRX:0133E0,연결,마스터
마스터,ETF,Financials,Securities,157500,KRX,KR,TIGER Sector ETF,KR-CORE,Official Sector / TIGER 증권,,,,,,,KRX:157500,연결,마스터
마스터,ETF,Health Care,Biotechnology,203780,KRX,KR,TIGER Sector ETF,KR-CORE,Official Sector / TIGER 미국나스닥바이오,,,,,,,KRX:203780,연결,마스터
마스터,ETF,Health Care,Biotechnology,261070,KRX,KR,TIGER Sector ETF,KR-CORE,Official Sector / TIGER 코스닥150 바이오테크,,,,,,,KRX:261070,연결,마스터
마스터,ETF,Health Care,Health Care,143860,KRX,KR,TIGER Sector ETF,KR-CORE,Official Sector / TIGER 헬스케어,,,,,,,KRX:143860,연결,마스터
마스터,ETF,Health Care,Health Care,227540,KRX,KR,TIGER Sector ETF,KR-CORE,Official Sector / TIGER 200 헬스케어,,,,,,,KRX:227540,연결,마스터
마스터,ETF,Industrials,Aerospace & Defense,494840,KRX,KR,TIGER Sector ETF,KR-CORE,Official Sector / TIGER 미국방산TOP10,,,,,,,KRX:494840,연결,마스터
마스터,ETF,Industrials,Construction,139220,KRX,KR,TIGER Sector ETF,KR-CORE,Official Sector / TIGER 200 건설,,,,,,,KRX:139220,연결,마스터
마스터,ETF,Industrials,Industrials,227550,KRX,KR,TIGER Sector ETF,KR-CORE,Official Sector / TIGER 200 산업재,,,,,,,KRX:227550,연결,마스터
마스터,ETF,Information Technology,Information Technology,139260,KRX,KR,TIGER Sector ETF,KR-CORE,Official Sector / TIGER 200 IT,,,,,,,KRX:139260,연결,마스터
마스터,ETF,Information Technology,Information Technology,261060,KRX,KR,TIGER Sector ETF,KR-CORE,Official Sector / TIGER 코스닥150 IT,,,,,,,KRX:261060,연결,마스터
마스터,ETF,Information Technology,Information Technology,243880,KRX,KR,TIGER Sector ETF,KR-CORE,Official Sector / TIGER 200 IT레버리지 [레버리지],,,,,,,KRX:243880,연결,마스터
마스터,ETF,Information Technology,Semiconductors,091230,KRX,KR,TIGER Sector ETF,KR-CORE,Official Sector / TIGER 반도체,,,,,,,KRX:091230,연결,마스터
마스터,ETF,Information Technology,Semiconductors,381180,KRX,KR,TIGER Sector ETF,KR-CORE,Official Sector / TIGER 미국필라델피아반도체나스닥,,,,,,,KRX:381180,연결,마스터
마스터,ETF,Information Technology,Semiconductors,449690,KRX,KR,TIGER Sector ETF,KR-CORE,Official Sector / TIGER 한중반도체(합성),,,,,,,KRX:449690,연결,마스터
마스터,ETF,Information Technology,Semiconductors,465660,KRX,KR,TIGER Sector ETF,KR-CORE,Official Sector / TIGER 일본반도체FACTSET,,,,,,,KRX:465660,연결,마스터
마스터,ETF,Information Technology,Semiconductors,423920,KRX,KR,TIGER Sector ETF,KR-CORE,Official Sector / TIGER 미국필라델피아반도체레버리지(합성) [레버리지],,,,,,,KRX:423920,연결,마스터
마스터,ETF,Information Technology,Software,0067Y0,KRX,KR,TIGER Sector ETF,KR-CORE,Official Sector / TIGER 차이나AI소프트웨어,,,,,,,0067Y0,연결,마스터
마스터,ETF,Information Technology,Software,157490,KRX,KR,TIGER Sector ETF,KR-CORE,Official Sector / TIGER 소프트웨어,,,,,,,KRX:157490,연결,마스터
마스터,ETF,Materials,Chemicals & Energy Materials,139250,KRX,KR,TIGER Sector ETF,KR-CORE,Official Sector / TIGER 200 에너지화학,,,,,,,KRX:139250,연결,마스터
마스터,ETF,Materials,Chemicals & Energy Materials,243890,KRX,KR,TIGER Sector ETF,KR-CORE,Official Sector / TIGER 200 에너지화학레버리지 [레버리지],,,,,,,KRX:243890,연결,마스터
마스터,ETF,Materials,Steel,139240,KRX,KR,TIGER Sector ETF,KR-CORE,Official Sector / TIGER 200 철강소재,,,,,,,KRX:139240,연결,마스터
마스터,ETF,Multi-Asset,Defensive Equity & Bonds,237440,KRX,KR,TIGER Sector ETF,KR-CORE,Official Sector / TIGER 경기방어채권혼합,,,,,,,KRX:237440,연결,마스터
마스터,ETF,Multi-Sector,China Leading Companies,0067V0,KRX,KR,TIGER Sector ETF,KR-CORE,Official Sector / TIGER 차이나글로벌리더스TOP3+,,,,,,,0067V0,연결,마스터
마스터,ETF,Multi-Sector,Dividend Equity,0052D0,KRX,KR,TIGER Sector ETF,KR-CORE,Official Sector / TIGER 코리아배당다우존스,,,,,,,0052D0,연결,마스터
마스터,ETF,Multi-Sector,US Large Cap Active,GRNY,NYSE ARCA,US,Active Strategy ETF,CORE,Fundstrat / Granny Shots,,,,,,,NYSEARCA:GRNY,연결,마스터
마스터,ETF,Multi-Sector,Disruptive Innovation,ARKK,NYSE ARCA,US,Active Innovation ETF,CORE,ARK / Disruptive Innovation,,,,,,,BATS:ARKK,연결,마스터
마스터,ETF,Industrials,Autonomous Technology & Robotics,ARKQ,CBOE,US,Active Innovation ETF,SECONDARY,ARK / Autonomous Tech & Robotics,,,,,,,BATS:ARKQ,연결,마스터
마스터,ETF,Information Technology,Next Generation Internet,ARKW,CBOE,US,Active Innovation ETF,SECONDARY,ARK / Next Generation Internet,,,,,,,BATS:ARKW,연결,마스터
마스터,ETF,Health Care,Genomics,ARKG,CBOE,US,Active Innovation ETF,SECONDARY,ARK / Genomic Revolution,,,,,,,BATS:ARKG,연결,마스터
마스터,ETF,Financials,Blockchain & Fintech,ARKF,CBOE,US,Active Innovation ETF,SECONDARY,ARK / Blockchain & Fintech,,,,,,,BATS:ARKF,연결,마스터
마스터,ETF,Industrials,Space & Defense,ARKX,CBOE,US,Active Innovation ETF,SECONDARY,ARK / Space & Defense,,,,,,,BATS:ARKX,연결,마스터
마스터,Equity,Health Care,Health Care,000100,KRX,KR,ETF Top10 자동 추적,WATCH,"유한양행 | ETF: 266420, 139280, 143860, 227540",,,,,,,KRX:000100,연결,마스터
마스터,Equity,Industrials,Transportation,000120,KRX,KR,ETF Top10 자동 추적,WATCH,CJ대한통운 | ETF: 140710,,,,,,,KRX:000120,연결,마스터
마스터,Equity,Industrials,Heavy Industry,000150,KRX,KR,ETF Top10 자동 추적,WATCH,두산 | ETF: 139230,,,,,,,KRX:000150,연결,마스터
마스터,Equity,Industrials,Construction,000210,KRX,KR,ETF Top10 자동 추적,WATCH,DL | ETF: 139220,,,,,,,KRX:000210,연결,마스터
마스터,Equity,Health Care,Biotechnology,000250,KRX,KR,ETF Top10 자동 추적,WATCH,삼천당제약 | ETF: 261070,,,,,,,KOSDAQ:000250,연결,마스터
마스터,Equity,Financials,Insurance,000370,KRX,KR,ETF Top10 자동 추적,WATCH,한화손해보험 | ETF: 140700,,,,,,,KRX:000370,연결,마스터
마스터,Equity,Materials,Steel,000670,KRX,KR,ETF Top10 자동 추적,WATCH,영풍 | ETF: 139240,,,,,,,KRX:000670,연결,마스터
마스터,Equity,Industrials,Construction,000720,KRX,KR,ETF Top10 자동 추적,WATCH,"현대건설 | ETF: 117700, 139220",,,,,,,KRX:000720,연결,마스터
마스터,Equity,Financials,Insurance,000810,KRX,KR,ETF Top10 자동 추적,WATCH,"삼성화재 | ETF: 140700, 139270, 0052D0",,,,,,,KRX:000810,연결,마스터
마스터,Equity,Materials,Chemicals & Energy Materials,000880,KRX,KR,ETF Top10 자동 추적,WATCH,"한화 | ETF: 139250, 243890",,,,,,,KRX:000880,연결,마스터
마스터,Equity,Information Technology,Semiconductors,000990,KRX,KR,ETF Top10 자동 추적,WATCH,"DB하이텍 | ETF: 091160, 0190G0, 091230",,,,,,,KRX:000990,연결,마스터
마스터,Equity,Materials,Steel,001430,KRX,KR,ETF Top10 자동 추적,WATCH,"세아베스틸지주 | ETF: 117680, 139240",,,,,,,KRX:001430,연결,마스터
마스터,Equity,Financials,Insurance,001450,KRX,KR,ETF Top10 자동 추적,WATCH,현대해상 | ETF: 140700,,,,,,,KRX:001450,연결,마스터
마스터,Equity,Financials,Securities,001510,KRX,KR,ETF Top10 자동 추적,WATCH,"SK증권 | ETF: 102970, 157500",,,,,,,KRX:001510,연결,마스터
마스터,Equity,Financials,Securities,001720,KRX,KR,ETF Top10 자동 추적,WATCH,"신영증권 | ETF: 102970, 157500",,,,,,,KRX:001720,연결,마스터
마스터,Equity,Materials,Steel,002030,KRX,KR,ETF Top10 자동 추적,WATCH,아세아 | ETF: 139240,,,,,,,KRX:002030,연결,마스터
마스터,Equity,Industrials,Transportation,002320,KRX,KR,ETF Top10 자동 추적,WATCH,한진 | ETF: 140710,,,,,,,KRX:002320,연결,마스터
마스터,Equity,Materials,Chemicals & Energy Materials,002380,KRX,KR,ETF Top10 자동 추적,WATCH,"KCC | ETF: 117460, 139220",,,,,,,KRX:002380,연결,마스터
마스터,Equity,Materials,Steel,003030,KRX,KR,ETF Top10 자동 추적,WATCH,세아제강지주 | ETF: 139240,,,,,,,KRX:003030,연결,마스터
마스터,Equity,Consumer Staples,Consumer Staples,003230,KRX,KR,ETF Top10 자동 추적,WATCH,"삼양식품 | ETF: 266410, 227560, 139280",,,,,,,KRX:003230,연결,마스터
마스터,Equity,Financials,Securities,003470,KRX,KR,ETF Top10 자동 추적,WATCH,"유안타증권 | ETF: 102970, 157500",,,,,,,KRX:003470,연결,마스터
마스터,Equity,Industrials,Transportation,003490,KRX,KR,ETF Top10 자동 추적,WATCH,"대한항공 | ETF: 140710, 227550",,,,,,,KRX:003490,연결,마스터
마스터,Equity,Financials,Securities,003530,KRX,KR,ETF Top10 자동 추적,WATCH,"한화투자증권 | ETF: 102970, 157500",,,,,,,KRX:003530,연결,마스터
마스터,Equity,Financials,Securities,003540,KRX,KR,ETF Top10 자동 추적,WATCH,"대신증권 | ETF: 102970, 157500",,,,,,,KRX:003540,연결,마스터
마스터,Equity,Information Technology,Information Technology,003550,KRX,KR,ETF Top10 자동 추적,WATCH,"LG | ETF: 363580, 139260, 243880",,,,,,,KRX:003550,연결,마스터
마스터,Equity,Financials,Insurance,003690,KRX,KR,ETF Top10 자동 추적,WATCH,코리안리 | ETF: 140700,,,,,,,KRX:003690,연결,마스터
마스터,Equity,Materials,Steel,004020,KRX,KR,ETF Top10 자동 추적,WATCH,"현대제철 | ETF: 117680, 139240",,,,,,,KRX:004020,연결,마스터
마스터,Equity,Consumer Discretionary,Consumer Discretionary,004170,KRX,KR,ETF Top10 자동 추적,WATCH,"신세계 | ETF: 266390, 139290",,,,,,,KRX:004170,연결,마스터
마스터,Equity,Materials,Steel,005490,KRX,KR,ETF Top10 자동 추적,WATCH,"POSCO홀딩스 | ETF: 117680, 139240",,,,,,,KRX:005490,연결,마스터
마스터,Equity,Materials,Steel,005810,KRX,KR,ETF Top10 자동 추적,WATCH,풍산홀딩스 | ETF: 117680,,,,,,,KRX:005810,연결,마스터
마스터,Equity,Financials,Insurance,005830,KRX,KR,ETF Top10 자동 추적,WATCH,"DB손해보험 | ETF: 140700, 0052D0",,,,,,,KRX:005830,연결,마스터
마스터,Equity,Consumer Discretionary,Automobiles & Mobility,005850,KRX,KR,ETF Top10 자동 추적,WATCH,에스엘 | ETF: 091180,,,,,,,KRX:005850,연결,마스터
마스터,Equity,Industrials,Transportation,005880,KRX,KR,ETF Top10 자동 추적,WATCH,대한해운 | ETF: 140710,,,,,,,KRX:005880,연결,마스터
마스터,Equity,Financials,Securities,005940,KRX,KR,ETF Top10 자동 추적,WATCH,"NH투자증권 | ETF: 102970, 157500",,,,,,,KRX:005940,연결,마스터
마스터,Equity,Materials,Steel,006110,KRX,KR,ETF Top10 자동 추적,WATCH,삼아알미늄 | ETF: 117680,,,,,,,KRX:006110,연결,마스터
마스터,Equity,Financials,Banks,006220,KRX,KR,ETF Top10 자동 추적,WATCH,제주은행 | ETF: 091170,,,,,,,KRX:006220,연결,마스터
마스터,Equity,Health Care,Health Care,006280,KRX,KR,ETF Top10 자동 추적,WATCH,녹십자 | ETF: 227540,,,,,,,KRX:006280,연결,마스터
마스터,Equity,Industrials,Construction,006360,KRX,KR,ETF Top10 자동 추적,WATCH,GS건설 | ETF: 117700,,,,,,,KRX:006360,연결,마스터
마스터,Equity,Information Technology,Information Technology,006400,KRX,KR,ETF Top10 자동 추적,WATCH,"삼성SDI | ETF: 266370, 363580, 139260, 243880",,,,,,,KRX:006400,연결,마스터
마스터,Equity,Financials,Securities,006800,KRX,KR,ETF Top10 자동 추적,WATCH,"미래에셋증권 | ETF: 102970, 139270, 157500",,,,,,,KRX:006800,연결,마스터
마스터,Equity,Consumer Discretionary,Automobiles & Mobility,007340,KRX,KR,ETF Top10 자동 추적,WATCH,DN오토모티브 | ETF: 091180,,,,,,,KRX:007340,연결,마스터
마스터,Equity,Information Technology,Information Technology,007660,KRX,KR,ETF Top10 자동 추적,WATCH,이수페타시스 | ETF: 266370,,,,,,,KRX:007660,연결,마스터
마스터,Equity,Materials,Steel,008730,KRX,KR,ETF Top10 자동 추적,WATCH,율촌화학 | ETF: 139240,,,,,,,KRX:008730,연결,마스터
마스터,Equity,Consumer Discretionary,Consumer Discretionary,008770,KRX,KR,ETF Top10 자동 추적,WATCH,호텔신라 | ETF: 266390,,,,,,,KRX:008770,연결,마스터
마스터,Equity,Health Care,Health Care,008930,KRX,KR,ETF Top10 자동 추적,WATCH,한미사이언스 | ETF: 227540,,,,,,,KRX:008930,연결,마스터
마스터,Equity,Information Technology,Information Technology,009150,KRX,KR,ETF Top10 자동 추적,WATCH,"삼성전기 | ETF: 266370, 363580, 139260, 243880",,,,,,,KRX:009150,연결,마스터
마스터,Equity,Health Care,Health Care,009420,KRX,KR,ETF Top10 자동 추적,WATCH,한올바이오파마 | ETF: 227540,,,,,,,KRX:009420,연결,마스터
마스터,Equity,Materials,Steel,009520,KRX,KR,ETF Top10 자동 추적,WATCH,포스코엠텍 | ETF: 117680,,,,,,,KOSDAQ:009520,연결,마스터
마스터,Equity,Materials,Chemicals & Energy Materials,009830,KRX,KR,ETF Top10 자동 추적,WATCH,"한화솔루션 | ETF: 117460, 139250, 243890",,,,,,,KRX:009830,연결,마스터
마스터,Equity,Materials,Chemicals & Energy Materials,010060,KRX,KR,ETF Top10 자동 추적,WATCH,"OCI홀딩스 | ETF: 117460, 139250, 243890",,,,,,,KRX:010060,연결,마스터
마스터,Equity,Materials,Steel,010130,KRX,KR,ETF Top10 자동 추적,WATCH,"고려아연 | ETF: 117680, 139240",,,,,,,KRX:010130,연결,마스터
마스터,Equity,Materials,Chemicals & Energy Materials,010950,KRX,KR,ETF Top10 자동 추적,WATCH,"S-Oil | ETF: 117460, 139250, 243890",,,,,,,KRX:010950,연결,마스터
마스터,Equity,Information Technology,Information Technology,011070,KRX,KR,ETF Top10 자동 추적,WATCH,"LG이노텍 | ETF: 266370, 363580, 139260, 243880",,,,,,,KRX:011070,연결,마스터
마스터,Equity,Industrials,Transportation,011200,KRX,KR,ETF Top10 자동 추적,WATCH,"HMM | ETF: 140710, 227550",,,,,,,KRX:011200,연결,마스터
마스터,Equity,Consumer Discretionary,Automobiles & Mobility,011210,KRX,KR,ETF Top10 자동 추적,WATCH,현대위아 | ETF: 091180,,,,,,,KRX:011210,연결,마스터
마스터,Equity,Materials,Chemicals & Energy Materials,011780,KRX,KR,ETF Top10 자동 추적,WATCH,금호석유화학 | ETF: 117460,,,,,,,KRX:011780,연결,마스터
마스터,Equity,Materials,Chemicals & Energy Materials,011790,KRX,KR,ETF Top10 자동 추적,WATCH,"SKC | ETF: 117460, 139250",,,,,,,KRX:011790,연결,마스터
마스터,Equity,Industrials,Construction,012630,KRX,KR,ETF Top10 자동 추적,WATCH,HDC | ETF: 117700,,,,,,,KRX:012630,연결,마스터
마스터,Equity,Industrials,Commercial Services,012750,KRX,KR,ETF Top10 자동 추적,WATCH,에스원 | ETF: 0052D0,,,,,,,KRX:012750,연결,마스터
마스터,Equity,Materials,Chemicals & Energy Materials,014680,KRX,KR,ETF Top10 자동 추적,WATCH,한솔케미칼 | ETF: 117460,,,,,,,KRX:014680,연결,마스터
마스터,Equity,Materials,Steel,014820,KRX,KR,ETF Top10 자동 추적,WATCH,동원시스템즈 | ETF: 139240,,,,,,,KRX:014820,연결,마스터
마스터,Equity,Consumer Staples,Defensive Consumer,015760,KRX,KR,ETF Top10 자동 추적,WATCH,"한국전력 | ETF: 227560, 139280",,,,,,,KRX:015760,연결,마스터
마스터,Equity,Financials,Securities,016360,KRX,KR,ETF Top10 자동 추적,WATCH,"삼성증권 | ETF: 102970, 157500",,,,,,,KRX:016360,연결,마스터
마스터,Equity,Consumer Staples,Defensive Consumer,017670,KRX,KR,ETF Top10 자동 추적,WATCH,"SK텔레콤 | ETF: 315270, 139280, 237440",,,,,,,KRX:017670,연결,마스터
마스터,Equity,Industrials,Machinery,017800,KRX,KR,ETF Top10 자동 추적,WATCH,현대엘리베이터 | ETF: 0052D0,,,,,,,KRX:017800,연결,마스터
마스터,Equity,Industrials,Shipbuilding,017960,KRX,KR,ETF Top10 자동 추적,WATCH,한국카본 | ETF: 494670,,,,,,,KRX:017960,연결,마스터
마스터,Equity,Information Technology,Software,018260,KRX,KR,ETF Top10 자동 추적,WATCH,"삼성에스디에스 | ETF: 266370, 363580, 139260, 157490",,,,,,,KRX:018260,연결,마스터
마스터,Equity,Consumer Discretionary,Automobiles & Mobility,018880,KRX,KR,ETF Top10 자동 추적,WATCH,한온시스템 | ETF: 091180,,,,,,,KRX:018880,연결,마스터
마스터,Equity,Industrials,Transportation,020560,KRX,KR,ETF Top10 자동 추적,WATCH,아시아나항공 | ETF: 140710,,,,,,,KRX:020560,연결,마스터
마스터,Equity,Consumer Discretionary,Consumer Discretionary,021240,KRX,KR,ETF Top10 자동 추적,WATCH,"코웨이 | ETF: 266390, 139290",,,,,,,KRX:021240,연결,마스터
마스터,Equity,Information Technology,Software,022100,KRX,KR,ETF Top10 자동 추적,WATCH,포스코DX | ETF: 157490,,,,,,,KRX:022100,연결,마스터
마스터,Equity,Financials,Banks,024110,KRX,KR,ETF Top10 자동 추적,WATCH,"기업은행 | ETF: 091170, 091220, 0052D0",,,,,,,KRX:024110,연결,마스터
마스터,Equity,Industrials,Construction,028050,KRX,KR,ETF Top10 자동 추적,WATCH,"삼성E&A | ETF: 117700, 139220",,,,,,,KRX:028050,연결,마스터
마스터,Equity,Industrials,Construction,028260,KRX,KR,ETF Top10 자동 추적,WATCH,삼성물산 | ETF: 139220,,,,,,,KRX:028260,연결,마스터
마스터,Equity,Health Care,Biotechnology,028300,KRX,KR,ETF Top10 자동 추적,WATCH,"HLB | ETF: 266420, 261070, 143860",,,,,,,KOSDAQ:028300,연결,마스터
마스터,Equity,Industrials,Transportation,028670,KRX,KR,ETF Top10 자동 추적,WATCH,팬오션 | ETF: 140710,,,,,,,KRX:028670,연결,마스터
마스터,Equity,Communication Services,Media & Communication,030000,KRX,KR,ETF Top10 자동 추적,WATCH,"제일기획 | ETF: 266360, 315270, 0052D0",,,,,,,KRX:030000,연결,마스터
마스터,Equity,Consumer Staples,Defensive Consumer,030200,KRX,KR,ETF Top10 자동 추적,WATCH,"KT | ETF: 315270, 139280, 237440",,,,,,,KRX:030200,연결,마스터
마스터,Equity,Financials,Insurance,031210,KRX,KR,ETF Top10 자동 추적,WATCH,서울보증보험 | ETF: 140700,,,,,,,KRX:031210,연결,마스터
마스터,Equity,Communication Services,Media & Communication,032640,KRX,KR,ETF Top10 자동 추적,WATCH,LG유플러스 | ETF: 315270,,,,,,,KRX:032640,연결,마스터
마스터,Equity,Financials,Insurance,032830,KRX,KR,ETF Top10 자동 추적,WATCH,"삼성생명 | ETF: 140700, 139270",,,,,,,KRX:032830,연결,마스터
마스터,Equity,Consumer Staples,Consumer Staples,033780,KRX,KR,ETF Top10 자동 추적,WATCH,"KT&G | ETF: 266410, 227560, 139280, 237440",,,,,,,KRX:033780,연결,마스터
마스터,Equity,Industrials,Machinery,034020,KRX,KR,ETF Top10 자동 추적,WATCH,"두산에너빌리티 | ETF: 102960, 139230",,,,,,,KRX:034020,연결,마스터
마스터,Equity,Materials,Chemicals & Energy Materials,034730,KRX,KR,ETF Top10 자동 추적,WATCH,"SK | ETF: 139250, 243890",,,,,,,KRX:034730,연결,마스터
마스터,Equity,Consumer Discretionary,Consumer Discretionary,035250,KRX,KR,ETF Top10 자동 추적,WATCH,"강원랜드 | ETF: 266390, 139290",,,,,,,KRX:035250,연결,마스터
마스터,Equity,Information Technology,Software,035420,KRX,KR,ETF Top10 자동 추적,WATCH,"NAVER | ETF: 266360, 315270, 157490",,,,,,,KRX:035420,연결,마스터
마스터,Equity,Information Technology,Software,035720,KRX,KR,ETF Top10 자동 추적,WATCH,"카카오 | ETF: 266360, 315270, 157490",,,,,,,KRX:035720,연결,마스터
마스터,Equity,Information Technology,Software,036570,KRX,KR,ETF Top10 자동 추적,WATCH,"NC | ETF: 266360, 315270, 157490",,,,,,,KRX:036570,연결,마스터
마스터,Equity,Information Technology,Semiconductors,036930,KRX,KR,ETF Top10 자동 추적,WATCH,"주성엔지니어링 | ETF: 266370, 091160, 0190G0, 261060, 091230",,,,,,,KOSDAQ:036930,연결,마스터
마스터,Equity,Information Technology,Semiconductors,039030,KRX,KR,ETF Top10 자동 추적,WATCH,"이오테크닉스 | ETF: 091160, 0190G0, 261060, 091230",,,,,,,KOSDAQ:039030,연결,마스터
마스터,Equity,Financials,Securities,039490,KRX,KR,ETF Top10 자동 추적,WATCH,"키움증권 | ETF: 102970, 157500",,,,,,,KRX:039490,연결,마스터
마스터,Equity,Industrials,Construction,047040,KRX,KR,ETF Top10 자동 추적,WATCH,"대우건설 | ETF: 117700, 139220",,,,,,,KRX:047040,연결,마스터
마스터,Equity,Industrials,Construction,051600,KRX,KR,ETF Top10 자동 추적,WATCH,한전KPS | ETF: 139220,,,,,,,KRX:051600,연결,마스터
마스터,Equity,Consumer Staples,Cosmetics,051900,KRX,KR,ETF Top10 자동 추적,WATCH,"LG생활건강 | ETF: 266410, 227560, 228790",,,,,,,KRX:051900,연결,마스터
마스터,Equity,Materials,Chemicals & Energy Materials,051910,KRX,KR,ETF Top10 자동 추적,WATCH,"LG화학 | ETF: 117460, 139250, 243890",,,,,,,KRX:051910,연결,마스터
마스터,Equity,Industrials,Construction,052690,KRX,KR,ETF Top10 자동 추적,WATCH,"한전기술 | ETF: 117700, 139220",,,,,,,KRX:052690,연결,마스터
마스터,Equity,Industrials,Construction,060370,KRX,KR,ETF Top10 자동 추적,WATCH,LS마린솔루션 | ETF: 117700,,,,,,,KOSDAQ:060370,연결,마스터
마스터,Equity,Information Technology,Software,064400,KRX,KR,ETF Top10 자동 추적,WATCH,LG씨엔에스 | ETF: 157490,,,,,,,KRX:064400,연결,마스터
마스터,Equity,Consumer Discretionary,Consumer Discretionary,066570,KRX,KR,ETF Top10 자동 추적,WATCH,"LG전자 | ETF: 266390, 363580, 139260, 243880",,,,,,,KRX:066570,연결,마스터
마스터,Equity,Consumer Discretionary,Consumer Discretionary,069960,KRX,KR,ETF Top10 자동 추적,WATCH,현대백화점 | ETF: 266390,,,,,,,KRX:069960,연결,마스터
마스터,Equity,Financials,Securities,071050,KRX,KR,ETF Top10 자동 추적,WATCH,"한국금융지주 | ETF: 102970, 139270, 157500",,,,,,,KRX:071050,연결,마스터
마스터,Equity,Industrials,Shipbuilding,071970,KRX,KR,ETF Top10 자동 추적,WATCH,HD현대마린엔진 | ETF: 494670,,,,,,,KRX:071970,연결,마스터
마스터,Equity,Consumer Discretionary,Automobiles & Mobility,073240,KRX,KR,ETF Top10 자동 추적,WATCH,금호타이어 | ETF: 091180,,,,,,,KRX:073240,연결,마스터
마스터,Equity,Materials,Chemicals & Energy Materials,078930,KRX,KR,ETF Top10 자동 추적,WATCH,"GS | ETF: 139250, 243890",,,,,,,KRX:078930,연결,마스터
마스터,Equity,Information Technology,Information Technology,080220,KRX,KR,ETF Top10 자동 추적,WATCH,제주반도체 | ETF: 261060,,,,,,,KOSDAQ:080220,연결,마스터
마스터,Equity,Consumer Discretionary,Consumer Discretionary,081660,KRX,KR,ETF Top10 자동 추적,WATCH,"미스토홀딩스 | ETF: 266390, 0052D0",,,,,,,KRX:081660,연결,마스터
마스터,Equity,Industrials,Shipbuilding,082740,KRX,KR,ETF Top10 자동 추적,WATCH,한화엔진 | ETF: 494670,,,,,,,KRX:082740,연결,마스터
마스터,Equity,Financials,Insurance,085620,KRX,KR,ETF Top10 자동 추적,WATCH,미래에셋생명 | ETF: 140700,,,,,,,KRX:085620,연결,마스터
마스터,Equity,Industrials,Transportation,086280,KRX,KR,ETF Top10 자동 추적,WATCH,"현대글로비스 | ETF: 140710, 227550",,,,,,,KRX:086280,연결,마스터
마스터,Equity,Health Care,Biotechnology,087010,KRX,KR,ETF Top10 자동 추적,WATCH,"펩트론 | ETF: 266420, 261070, 143860",,,,,,,KOSDAQ:087010,연결,마스터
마스터,Equity,Financials,Insurance,088350,KRX,KR,ETF Top10 자동 추적,WATCH,한화생명 | ETF: 140700,,,,,,,KRX:088350,연결,마스터
마스터,Equity,Industrials,Transportation,089860,KRX,KR,ETF Top10 자동 추적,WATCH,롯데렌탈 | ETF: 140710,,,,,,,KRX:089860,연결,마스터
마스터,Equity,Consumer Staples,Cosmetics,090430,KRX,KR,ETF Top10 자동 추적,WATCH,"아모레퍼시픽 | ETF: 266410, 227560, 228790, 139280",,,,,,,KRX:090430,연결,마스터
마스터,Equity,Materials,Chemicals & Energy Materials,096770,KRX,KR,ETF Top10 자동 추적,WATCH,"SK이노베이션 | ETF: 117460, 139250, 243890",,,,,,,KRX:096770,연결,마스터
마스터,Equity,Consumer Staples,Consumer Staples,097950,KRX,KR,ETF Top10 자동 추적,WATCH,CJ제일제당 | ETF: 266410,,,,,,,KRX:097950,연결,마스터
마스터,Equity,Materials,Steel,103140,KRX,KR,ETF Top10 자동 추적,WATCH,"풍산 | ETF: 117680, 139240",,,,,,,KRX:103140,연결,마스터
마스터,Equity,Information Technology,Information Technology,108490,KRX,KR,ETF Top10 자동 추적,WATCH,로보티즈 | ETF: 261060,,,,,,,KOSDAQ:108490,연결,마스터
마스터,Equity,Consumer Discretionary,Consumer Discretionary,111770,KRX,KR,ETF Top10 자동 추적,WATCH,"영원무역 | ETF: 266390, 139290",,,,,,,KRX:111770,연결,마스터
마스터,Equity,Health Care,Health Care,128940,KRX,KR,ETF Top10 자동 추적,WATCH,"한미약품 | ETF: 266420, 143860, 227540",,,,,,,KRX:128940,연결,마스터
마스터,Equity,Financials,Financial Services,138040,KRX,KR,ETF Top10 자동 추적,WATCH,메리츠금융지주 | ETF: 139270,,,,,,,KRX:138040,연결,마스터
마스터,Equity,Financials,Banks,138930,KRX,KR,ETF Top10 자동 추적,WATCH,"BNK금융지주 | ETF: 091170, 091220",,,,,,,KRX:138930,연결,마스터
마스터,Equity,Financials,Banks,139130,KRX,KR,ETF Top10 자동 추적,WATCH,"iM금융지주 | ETF: 091170, 091220",,,,,,,KRX:139130,연결,마스터
마스터,Equity,Consumer Staples,Consumer Staples,139480,KRX,KR,ETF Top10 자동 추적,WATCH,이마트 | ETF: 266410,,,,,,,KRX:139480,연결,마스터
마스터,Equity,Consumer Discretionary,Automobiles & Mobility,161390,KRX,KR,ETF Top10 자동 추적,WATCH,"한국타이어앤테크놀로지 | ETF: 091180, 139290",,,,,,,KRX:161390,연결,마스터
마스터,Equity,Consumer Staples,Cosmetics,161890,KRX,KR,ETF Top10 자동 추적,WATCH,"한국콜마 | ETF: 266410, 227560, 228790",,,,,,,KRX:161890,연결,마스터
마스터,Equity,Financials,Banks,175330,KRX,KR,ETF Top10 자동 추적,WATCH,"JB금융지주 | ETF: 091170, 091220, 0052D0",,,,,,,KRX:175330,연결,마스터
마스터,Equity,Information Technology,Information Technology,178320,KRX,KR,ETF Top10 자동 추적,WATCH,서진시스템 | ETF: 261060,,,,,,,KOSDAQ:178320,연결,마스터
마스터,Equity,Consumer Discretionary,Consumer Discretionary,180640,KRX,KR,ETF Top10 자동 추적,WATCH,"한진칼 | ETF: 266390, 139290",,,,,,,KRX:180640,연결,마스터
마스터,Equity,Consumer Staples,Cosmetics,192820,KRX,KR,ETF Top10 자동 추적,WATCH,"코스맥스 | ETF: 266410, 227560, 228790",,,,,,,KRX:192820,연결,마스터
마스터,Equity,Financials,Insurance,211050,KRX,KR,ETF Top10 자동 추적,WATCH,인카금융서비스 | ETF: 140700,,,,,,,KOSDAQ:211050,연결,마스터
마스터,Equity,Consumer Staples,Cosmetics,214450,KRX,KR,ETF Top10 자동 추적,WATCH,"파마리서치 | ETF: 266420, 228790, 261070, 143860",,,,,,,KOSDAQ:214450,연결,마스터
마스터,Equity,Information Technology,Semiconductors,222800,KRX,KR,ETF Top10 자동 추적,WATCH,"심텍 | ETF: 091160, 0190G0, 261060, 091230",,,,,,,KOSDAQ:222800,연결,마스터
마스터,Equity,Health Care,Biotechnology,226950,KRX,KR,ETF Top10 자동 추적,WATCH,올릭스 | ETF: 261070,,,,,,,KOSDAQ:226950,연결,마스터
마스터,Equity,Information Technology,Semiconductors,240810,KRX,KR,ETF Top10 자동 추적,WATCH,"원익IPS | ETF: 266370, 091160, 0190G0, 261060, 091230",,,,,,,KOSDAQ:240810,연결,마스터
마스터,Equity,Consumer Staples,Cosmetics,241710,KRX,KR,ETF Top10 자동 추적,WATCH,코스메카코리아 | ETF: 228790,,,,,,,KOSDAQ:241710,연결,마스터
마스터,Equity,Information Technology,Software,251270,KRX,KR,ETF Top10 자동 추적,WATCH,"넷마블 | ETF: 266360, 315270, 157490",,,,,,,KRX:251270,연결,마스터
마스터,Equity,Consumer Staples,Cosmetics,251970,KRX,KR,ETF Top10 자동 추적,WATCH,펌텍코리아 | ETF: 228790,,,,,,,KOSDAQ:251970,연결,마스터
마스터,Equity,Consumer Staples,Cosmetics,257720,KRX,KR,ETF Top10 자동 추적,WATCH,"실리콘투 | ETF: 266390, 228790",,,,,,,KOSDAQ:257720,연결,마스터
마스터,Equity,Information Technology,Software,259960,KRX,KR,ETF Top10 자동 추적,WATCH,"크래프톤 | ETF: 266360, 315270, 157490",,,,,,,KRX:259960,연결,마스터
마스터,Equity,Information Technology,Software,263750,KRX,KR,ETF Top10 자동 추적,WATCH,"펄어비스 | ETF: 266360, 157490",,,,,,,KOSDAQ:263750,연결,마스터
마스터,Equity,Materials,Chemicals & Energy Materials,267250,KRX,KR,ETF Top10 자동 추적,WATCH,"HD현대 | ETF: 117460, 139250, 243890",,,,,,,KRX:267250,연결,마스터
마스터,Equity,Industrials,Heavy Industry,267270,KRX,KR,ETF Top10 자동 추적,WATCH,HD건설기계 | ETF: 139230,,,,,,,KRX:267270,연결,마스터
마스터,Equity,Consumer Staples,Consumer Staples,271560,KRX,KR,ETF Top10 자동 추적,WATCH,"오리온 | ETF: 266410, 227560",,,,,,,KRX:271560,연결,마스터
마스터,Equity,Industrials,Transportation,272450,KRX,KR,ETF Top10 자동 추적,WATCH,진에어 | ETF: 140710,,,,,,,KRX:272450,연결,마스터
마스터,Equity,Consumer Staples,Cosmetics,278470,KRX,KR,ETF Top10 자동 추적,WATCH,"에이피알 | ETF: 266410, 227560, 228790, 139280, 237440",,,,,,,KRX:278470,연결,마스터
마스터,Equity,Industrials,Construction,294870,KRX,KR,ETF Top10 자동 추적,WATCH,IPARK현대산업개발 | ETF: 117700,,,,,,,KRX:294870,연결,마스터
마스터,Equity,Materials,Steel,295310,KRX,KR,ETF Top10 자동 추적,WATCH,에이치브이엠 | ETF: 117680,,,,,,,KOSDAQ:295310,연결,마스터
마스터,Equity,Health Care,Biotechnology,298380,KRX,KR,ETF Top10 자동 추적,WATCH,"에이비엘바이오 | ETF: 266420, 261070, 143860",,,,,,,KOSDAQ:298380,연결,마스터
마스터,Equity,Industrials,Construction,300720,KRX,KR,ETF Top10 자동 추적,WATCH,한일시멘트 | ETF: 139220,,,,,,,KRX:300720,연결,마스터
마스터,Equity,Health Care,Health Care,302440,KRX,KR,ETF Top10 자동 추적,WATCH,SK바이오사이언스 | ETF: 227540,,,,,,,KRX:302440,연결,마스터
마스터,Equity,Information Technology,Software,307950,KRX,KR,ETF Top10 자동 추적,WATCH,현대오토에버 | ETF: 157490,,,,,,,KRX:307950,연결,마스터
마스터,Equity,Health Care,Biotechnology,310210,KRX,KR,ETF Top10 자동 추적,WATCH,보로노이 | ETF: 261070,,,,,,,KOSDAQ:310210,연결,마스터
마스터,Equity,Industrials,Construction,319400,KRX,KR,ETF Top10 자동 추적,WATCH,현대무벡스 | ETF: 117700,,,,,,,KOSDAQ:319400,연결,마스터
마스터,Equity,Information Technology,Semiconductors,319660,KRX,KR,ETF Top10 자동 추적,WATCH,"피에스케이 | ETF: 0190G0, 261060",,,,,,,KOSDAQ:319660,연결,마스터
마스터,Equity,Financials,Banks,323410,KRX,KR,ETF Top10 자동 추적,WATCH,"카카오뱅크 | ETF: 091170, 091220, 139270",,,,,,,KRX:323410,연결,마스터
마스터,Equity,Health Care,Health Care,326030,KRX,KR,ETF Top10 자동 추적,WATCH,"SK바이오팜 | ETF: 266420, 143860, 227540",,,,,,,KRX:326030,연결,마스터
마스터,Equity,Health Care,Biotechnology,347850,KRX,KR,ETF Top10 자동 추적,WATCH,디앤디파마텍 | ETF: 261070,,,,,,,KOSDAQ:347850,연결,마스터
마스터,Equity,Industrials,Construction,375500,KRX,KR,ETF Top10 자동 추적,WATCH,"DL이앤씨 | ETF: 117700, 139220",,,,,,,KRX:375500,연결,마스터
마스터,Equity,Information Technology,Information Technology,402340,KRX,KR,ETF Top10 자동 추적,WATCH,"SK스퀘어 | ETF: 363580, 139260, 243880",,,,,,,KRX:402340,연결,마스터
마스터,Equity,Information Technology,Semiconductors,403870,KRX,KR,ETF Top10 자동 추적,WATCH,"HPSP | ETF: 091160, 261060, 091230",,,,,,,KOSDAQ:403870,연결,마스터
마스터,Equity,Industrials,Shipbuilding,439260,KRX,KR,ETF Top10 자동 추적,WATCH,대한조선 | ETF: 494670,,,,,,,KRX:439260,연결,마스터
마스터,Equity,Industrials,Shipbuilding,443060,KRX,KR,ETF Top10 자동 추적,WATCH,HD현대마린솔루션 | ETF: 494670,,,,,,,KRX:443060,연결,마스터
마스터,Equity,Materials,Steel,460860,KRX,KR,ETF Top10 자동 추적,WATCH,동국제강 | ETF: 117680,,,,,,,KRX:460860,연결,마스터
마스터,Equity,Consumer Staples,Cosmetics,483650,KRX,KR,ETF Top10 자동 추적,WATCH,"달바글로벌 | ETF: 227560, 228790",,,,,,,KRX:483650,연결,마스터
마스터,Equity,Health Care,Health Care,ABBV,US,US,ETF Top10 자동 추적,WATCH,ABBVIE INC | ETF: 453640,,,,,,,ABBV,연결,마스터
마스터,Equity,Health Care,Health Care,ABT,US,US,ETF Top10 자동 추적,WATCH,ABBOTT LABORATORIES | ETF: 453640,,,,,,,ABT,연결,마스터
마스터,Equity,Health Care,Biotechnology,ALNY,US,US,ETF Top10 자동 추적,WATCH,Alnylam Pharmaceuticals Inc | ETF: 203780,,,,,,,ALNY,연결,마스터
마스터,Equity,Information Technology,Semiconductors,AMAT,US,US,ETF Top10 자동 추적,WATCH,Applied Materials Inc | ETF: 381180,,,,,,,AMAT,연결,마스터
마스터,Equity,Health Care,Biotechnology,ARGX,US,US,ETF Top10 자동 추적,WATCH,Argenx SE | ETF: 203780,,,,,,,ARGX,연결,마스터
마스터,Equity,Information Technology,Semiconductors,ASML,US,US,ETF Top10 자동 추적,WATCH,ASML Holding NV | ETF: 381180,,,,,,,ASML,연결,마스터
마스터,Equity,Financials,Financial Services,AXP,US,US,ETF Top10 자동 추적,WATCH,AMERICAN EXPRESS CO | ETF: 453650,,,,,,,AXP,연결,마스터
마스터,Equity,Industrials,Aerospace & Defense,BA,US,US,ETF Top10 자동 추적,WATCH,Boeing Co/The | ETF: 494840,,,,,,,BA,연결,마스터
마스터,Equity,Health Care,Biotechnology,BIIB,US,US,ETF Top10 자동 추적,WATCH,Biogen Inc | ETF: 203780,,,,,,,BIIB,연결,마스터
마스터,Equity,분류 확인,분류 확인,BRK.B,US,US,ETF Top10 자동 추적,WATCH,BERKSHIRE HATHAWAY CL B ORD. | ETF: 453650,,,,,,,BRK.B,연결,마스터
마스터,Equity,Financials,Financial Services,C,US,US,ETF Top10 자동 추적,WATCH,CITIGROUP INC | ETF: 453650,,,,,,,C,연결,마스터
마스터,Equity,분류 확인,분류 확인,CF,US,US,ETF Top10 자동 추적,WATCH,"CF Industries Holdings, Inc. | ETF: GRNY",,,,,,,CF,연결,마스터
마스터,Equity,Communication Services,Media & Communication,CMCSA,US,US,ETF Top10 자동 추적,WATCH,COMCAST CORP | ETF: 463690,,,,,,,CMCSA,연결,마스터
마스터,Equity,Information Technology,Technology Sector,CSCO,US,US,ETF Top10 자동 추적,WATCH,CISCO SYSTEMS INC | ETF: 463680,,,,,,,CSCO,연결,마스터
마스터,Equity,Utilities,Utilities,D,US,US,ETF Top10 자동 추적,WATCH,DOMINION RESOURCES INC/VA | ETF: 463640,,,,,,,D,연결,마스터
마스터,Equity,Consumer Discretionary,Consumer Discretionary,DASH,US,US,ETF Top10 자동 추적,WATCH,DOORDASH INC - A | ETF: 453660,,,,,,,DASH,연결,마스터
마스터,Equity,Industrials,Machinery,DE,US,US,ETF Top10 자동 추적,WATCH,Deere & Company | ETF: GRNY,,,,,,,DE,연결,마스터
마스터,Equity,Industrials,Aerospace & Defense,ESLT,US,US,ETF Top10 자동 추적,WATCH,Elbit Systems Ltd | ETF: 494840,,,,,,,ESLT,연결,마스터
마스터,Equity,Utilities,Utilities,ETR,US,US,ETF Top10 자동 추적,WATCH,ENTERGY CORP | ETF: 463640,,,,,,,ETR,연결,마스터
마스터,Equity,Industrials,Aerospace & Defense,GD,US,US,ETF Top10 자동 추적,WATCH,General Dynamics Corp | ETF: 494840,,,,,,,GD,연결,마스터
마스터,Equity,Communication Services,Media & Communication,GOOG,US,US,ETF Top10 자동 추적,WATCH,ALPHABET INC-CL C | ETF: 463690,,,,,,,GOOG,연결,마스터
마스터,Equity,Industrials,Aerospace & Defense,HII,US,US,ETF Top10 자동 추적,WATCH,Huntington Ingalls Industries Inc | ETF: 494840,,,,,,,HII,연결,마스터
마스터,Equity,Health Care,Biotechnology,ILMN,US,US,ETF Top10 자동 추적,WATCH,Illumina Inc | ETF: 203780,,,,,,,ILMN,연결,마스터
마스터,Equity,Information Technology,Semiconductors,INTC,US,US,ETF Top10 자동 추적,WATCH,INTEL Corp | ETF: 463680,,,,,,,INTC,연결,마스터
마스터,Equity,Health Care,Health Care,JNJ,US,US,ETF Top10 자동 추적,WATCH,JOHNSON & JOHNSON | ETF: 453640,,,,,,,JNJ,연결,마스터
마스터,Equity,Information Technology,Semiconductors,KLAC,US,US,ETF Top10 자동 추적,WATCH,KLA Corp | ETF: 381180,,,,,,,KLAC,연결,마스터
마스터,Equity,Industrials,Aerospace & Defense,LHX,US,US,ETF Top10 자동 추적,WATCH,L3Harris Technologies Inc | ETF: 494840,,,,,,,LHX,연결,마스터
마스터,Equity,Information Technology,Semiconductors,LRCX,US,US,ETF Top10 자동 추적,WATCH,Lam Research Corp | ETF: 381180,,,,,,,LRCX,연결,마스터
마스터,Equity,Consumer Discretionary,Consumer Discretionary,MCD,US,US,ETF Top10 자동 추적,WATCH,MCDONALD'S CORP | ETF: 453660,,,,,,,MCD,연결,마스터
마스터,Equity,Industrials,Aerospace & Defense,MRCY,US,US,ETF Top10 자동 추적,WATCH,Mercury Systems Inc | ETF: 494840,,,,,,,MRCY,연결,마스터
마스터,Equity,Health Care,Health Care,MRK,US,US,ETF Top10 자동 추적,WATCH,MERCK & CO. INC. | ETF: 453640,,,,,,,MRK,연결,마스터
마스터,Equity,Health Care,Biotechnology,MRNA,US,US,ETF Top10 자동 추적,WATCH,Moderna Inc | ETF: 203780,,,,,,,MRNA,연결,마스터
마스터,Equity,Information Technology,Semiconductors,MRVL,US,US,ETF Top10 자동 추적,WATCH,Marvell Technology Inc | ETF: 381180,,,,,,,MRVL,연결,마스터
마스터,Equity,Information Technology,Cloud Computing,NOW,US,US,ETF Top10 자동 추적,WATCH,"ServiceNow, Inc. | ETF: GRNY",,,,,,,NOW,연결,마스터
마스터,Equity,Communication Services,Media & Communication,OMC,US,US,ETF Top10 자동 추적,WATCH,OMNICOM GROUP | ETF: 463690,,,,,,,OMC,연결,마스터
마스터,Equity,Health Care,Health Care,PFE,US,US,ETF Top10 자동 추적,WATCH,PFIZER INC | ETF: 453640,,,,,,,PFE,연결,마스터
마스터,Equity,Health Care,Biotechnology,REGN,US,US,ETF Top10 자동 추적,WATCH,Regeneron Pharmaceuticals Inc | ETF: 203780,,,,,,,REGN,연결,마스터
마스터,Equity,Health Care,Biotechnology,RVMD,US,US,ETF Top10 자동 추적,WATCH,Revolution Medicines Inc | ETF: 203780,,,,,,,RVMD,연결,마스터
마스터,Equity,Consumer Discretionary,Consumer Discretionary,SBUX,US,US,ETF Top10 자동 추적,WATCH,STARBUCKS CORP | ETF: 453660,,,,,,,SBUX,연결,마스터
마스터,ETF,분류 확인,분류 확인,SOXQ,US,US,ETF Top10 자동 추적,WATCH,Invesco PHLX Semiconductor ETF | ETF: 423920,,,,,,,SOXQ,연결,마스터
마스터,Private,Industrials,Space / Launch,SPACEX_PRIVATE,PRIVATE,US,Private Company Reference,EXCLUDE,SpaceX private holding reference — no public ticker,,,,,,,,시세 없음,마스터
마스터,Equity,Consumer Staples,Consumer Staples,TGT,US,US,ETF Top10 자동 추적,WATCH,TARGET CORP | ETF: 453630,,,,,,,TGT,연결,마스터
마스터,Equity,Information Technology,Semiconductors,TSM,US,US,ETF Top10 자동 추적,WATCH,Taiwan Semiconductor Manufacturing Co Ltd | ETF: 381180,,,,,,,TSM,연결,마스터
마스터,Equity,Communication Services,Media & Communication,WBD,US,US,ETF Top10 자동 추적,WATCH,WARNER BROS DISCOVERY INC | ETF: 463690,,,,,,,WBD,연결,마스터
마스터,Equity,Utilities,Utilities,XEL,US,US,ETF Top10 자동 추적,WATCH,XCEL ENERGY INC | ETF: 463640,,,,,,,XEL,연결,마스터
마스터,Equity,Information Technology,Computer Hardware / AI Servers,DELL,NYSE,US,AI Infrastructure Candidate,A,Image 2026-09-15 / AI Servers,,,,,,,DELL,연결,마스터
마스터,Equity,Information Technology,Enterprise Hardware / AI Servers,HPE,NYSE,US,AI Infrastructure Candidate,A,Image 2026-09-15 / AI Servers,,,,,,,HPE,연결,마스터
마스터,Equity,Information Technology,Optical Networking,LITE,NASDAQ,US,AI Infrastructure Candidate,A,Image 2026-09-15 / Optical Networking,,,,,,,LITE,연결,마스터
마스터,Equity,Information Technology,Optical Components / Photonics,COHR,NYSE,US,AI Infrastructure Candidate,A,Image 2026-09-15 / Optical Networking,,,,,,,COHR,연결,마스터
마스터,Equity,Industrials,Data Center Power & Cooling,VRT,NYSE,US,AI Infrastructure Candidate,A,Image 2026-09-15 / Power & Cooling,,,,,,,VRT,연결,마스터
마스터,Equity,Information Technology,Cybersecurity,PANW,NASDAQ,US,AI Infrastructure Candidate,A,Image 2026-09-15 / Security,,,,,,,PANW,연결,마스터
마스터,Equity,Information Technology,Observability / Cloud Monitoring,DDOG,NASDAQ,US,AI Infrastructure Candidate,A,Image 2026-09-15 / Observability,,,,,,,DDOG,연결,마스터
마스터,Equity,Information Technology,Identity Security,OKTA,NASDAQ,US,AI Infrastructure Candidate,A,Image 2026-09-15 / Security,,,,,,,OKTA,연결,마스터
마스터,Equity,Information Technology,Semiconductors,ADI,NASDAQ,US,ETF Top Holding Candidate,A,SMH / Semiconductor,,,,,,,ADI,연결,마스터
마스터,Equity,Information Technology,Semiconductors,TXN,NASDAQ,US,ETF Top Holding Candidate,A,SMH / Semiconductor,,,,,,,TXN,연결,마스터
마스터,Equity,Information Technology,Semiconductors,QCOM,NASDAQ,US,ETF Top Holding Candidate,A,SMH / Semiconductor,,,,,,,QCOM,연결,마스터
마스터,Equity,Information Technology,EDA Software,CDNS,NASDAQ,US,ETF Top Holding Candidate,A,SMH / Semiconductor,,,,,,,CDNS,연결,마스터
마스터,Equity,Information Technology,EDA Software,SNPS,NASDAQ,US,ETF Top Holding Candidate,A,SMH / Semiconductor,,,,,,,SNPS,연결,마스터
마스터,Equity,Information Technology,Semiconductor IP,ARM,NASDAQ,US,ETF Top Holding Candidate,A,SMH / Semiconductor,,,,,,,ARM,연결,마스터
마스터,Equity,Information Technology,Data Center Connectivity Semiconductors,ALAB,NASDAQ,US,ETF Top Holding Candidate,A,SMH / Semiconductor,,,,,,,ALAB,연결,마스터
마스터,Equity,Information Technology,Cybersecurity,FTNT,NASDAQ,US,ETF Top Holding Candidate,A,CIBR / Cybersecurity,,,,,,,FTNT,연결,마스터
마스터,Equity,Information Technology,Cybersecurity / Edge Cloud,NET,NYSE,US,ETF Top Holding Candidate,A,CIBR / Cybersecurity,,,,,,,NET,연결,마스터
마스터,Equity,Information Technology,Cloud Security,ZS,NASDAQ,US,ETF Top Holding Candidate,A,CIBR / Cybersecurity,,,,,,,ZS,연결,마스터
마스터,Equity,Information Technology,Data Security / Backup,RBRK,NYSE,US,ETF Top Holding Candidate,A,CIBR / Cybersecurity,,,,,,,RBRK,연결,마스터
마스터,Equity,Industrials,Building Controls / Cooling,JCI,NYSE,US,ETF Top Holding Candidate,A,GRID / Power Infrastructure,,,,,,,JCI,연결,마스터
마스터,Equity,Industrials,Industrial Automation,EMR,NYSE,US,ETF Top Holding Candidate,B,GRID / Power Infrastructure,,,,,,,EMR,연결,마스터
마스터,Equity,Industrials,Electrical Equipment / Enclosures,NVT,NYSE,US,ETF Top Holding Candidate,A,GRID / Power Infrastructure,,,,,,,NVT,연결,마스터
마스터,Equity,Industrials,Electrical Equipment,HUBB,NYSE,US,ETF Top Holding Candidate,A,GRID / Power Infrastructure,,,,,,,HUBB,연결,마스터
마스터,Equity,Industrials,Nuclear Components / Defense,BWXT,NYSE,US,ETF Top Holding Candidate,A,NLR / Nuclear,,,,,,,BWXT,연결,마스터
마스터,Equity,Energy,Uranium Enrichment / Nuclear Fuel,LEU,AMEX,US,ETF Top Holding Candidate,A,NLR / Nuclear,,,,,,,LEU,연결,마스터
마스터,Equity,Utilities,Advanced Nuclear Power,OKLO,NYSE,US,ETF Top Holding Candidate,A,NLR / Nuclear,,,,,,,OKLO,연결,마스터
마스터,Equity,Industrials,Small Modular Reactors,SMR,NYSE,US,ETF Top Holding Candidate,A,NLR / Nuclear,,,,,,,SMR,연결,마스터
마스터,Equity,Industrials,Public Safety / Defense Tech,AXON,NASDAQ,US,ETF Top Holding Candidate,A,XAR / Aerospace & Defense,,,,,,,AXON,연결,마스터
마스터,Equity,Industrials,Aerospace Materials,HXL,NYSE,US,ETF Top Holding Candidate,A,XAR / Aerospace & Defense,,,,,,,HXL,연결,마스터
마스터,ETF,Information Technology,Cloud Computing,CLOU,NASDAQ,US,Theme ETF,REVIEW,CLOU,,,,,,,NASDAQ:CLOU,연결,마스터
마스터,ETF,Information Technology,Cybersecurity,BUG,NASDAQ,US,Theme ETF,REVIEW,BUG,,,,,,,NASDAQ:BUG,연결,마스터
마스터,ETF,Energy,Oil Refining,CRAK,AMEX,US,Theme ETF,REVIEW,CRAK,,,,,,,NYSEARCA:CRAK,연결,마스터
마스터,ETF,Information Technology,Memory Semiconductors,DRAM,BATS,US,Theme ETF,REVIEW,DRAM,,,,,,,BATS:DRAM,연결,마스터
마스터,Equity,Information Technology,Cloud Computing,YEXT,US,US,ETF Constituent,REVIEW,CLOU,,,,,,,YEXT,연결,마스터
마스터,Equity,Information Technology,Cloud Computing,PUBM,US,US,ETF Constituent,REVIEW,CLOU,,,,,,,PUBM,연결,마스터
마스터,Equity,Information Technology,Cloud Computing,004716,TYO,KR,ETF Constituent,REVIEW,CLOU,,,,,,,,시세 없음,마스터
마스터,Equity,Information Technology,Cloud Computing,BABA,US,US,ETF Constituent,REVIEW,CLOU,,,,,,,BABA,연결,마스터
마스터,Equity,Information Technology,Cloud Computing,IBM,US,US,ETF Constituent,REVIEW,CLOU,,,,,,,IBM,연결,마스터
마스터,Equity,Information Technology,Cloud Computing,SNOW,US,US,ETF Constituent,REVIEW,CLOU,,,,,,,SNOW,연결,마스터
마스터,Equity,Information Technology,Cloud Computing,PAYC,US,US,ETF Constituent,REVIEW,CLOU,,,,,,,PAYC,연결,마스터
마스터,Equity,Information Technology,Cloud Computing,TWLO,US,US,ETF Constituent,REVIEW,CLOU,,,,,,,TWLO,연결,마스터
마스터,Equity,Information Technology,Cloud Computing,WDAY,US,US,ETF Constituent,REVIEW,CLOU,,,,,,,WDAY,연결,마스터
마스터,Equity,Information Technology,Cloud Computing,DOCN,US,US,ETF Constituent,REVIEW,CLOU,,,,,,,DOCN,연결,마스터
마스터,Equity,Information Technology,Cloud Computing,CRM,US,US,ETF Constituent,REVIEW,CLOU,,,,,,,CRM,연결,마스터
마스터,Equity,Information Technology,Cloud Computing,QLYS,US,US,ETF Constituent,REVIEW,CLOU / BUG,,,,,,,QLYS,연결,마스터
마스터,Equity,Information Technology,Cloud Computing,DBX,US,US,ETF Constituent,REVIEW,CLOU,,,,,,,DBX,연결,마스터
마스터,Equity,Information Technology,Cloud Computing,SHOP,US,US,ETF Constituent,REVIEW,CLOU,,,,,,,SHOP,연결,마스터
마스터,Equity,Information Technology,Cloud Computing,AKAM,US,US,ETF Constituent,REVIEW,CLOU / BUG,,,,,,,AKAM,연결,마스터
마스터,Equity,Information Technology,Cloud Computing,BOX,US,US,ETF Constituent,REVIEW,CLOU,,,,,,,BOX,연결,마스터
마스터,Equity,Information Technology,Cloud Computing,HUBS,US,US,ETF Constituent,REVIEW,CLOU,,,,,,,HUBS,연결,마스터
마스터,Equity,Information Technology,Cloud Computing,ZM,US,US,ETF Constituent,REVIEW,CLOU,,,,,,,ZM,연결,마스터
마스터,Equity,Information Technology,Cloud Computing,WIX,US,US,ETF Constituent,REVIEW,CLOU,,,,,,,WIX,연결,마스터
마스터,Equity,Information Technology,Cloud Computing,PCOR,US,US,ETF Constituent,REVIEW,CLOU,,,,,,,PCOR,연결,마스터
마스터,Equity,Information Technology,Cloud Computing,WK,US,US,ETF Constituent,REVIEW,CLOU,,,,,,,WK,연결,마스터
마스터,Equity,Information Technology,Cloud Computing,FSLY,US,US,ETF Constituent,REVIEW,CLOU,,,,,,,FSLY,연결,마스터
마스터,Equity,Information Technology,Cloud Computing,SINCH,STO,US,ETF Constituent,REVIEW,CLOU,,,,,,,,시장·통화 확인,마스터
마스터,Equity,Information Technology,Cloud Computing,FRSH,US,US,ETF Constituent,REVIEW,CLOU,,,,,,,FRSH,연결,마스터
마스터,Equity,Information Technology,Cloud Computing,SPSC,US,US,ETF Constituent,REVIEW,CLOU,,,,,,,SPSC,연결,마스터
마스터,Equity,Information Technology,Cloud Computing,FIVN,US,US,ETF Constituent,REVIEW,CLOU,,,,,,,FIVN,연결,마스터
마스터,Equity,Information Technology,Cloud Computing,VNET,US,US,ETF Constituent,REVIEW,CLOU,,,,,,,VNET,연결,마스터
마스터,Equity,Information Technology,Cloud Computing,AI,US,US,ETF Constituent,REVIEW,CLOU,,,,,,,AI,연결,마스터
마스터,Equity,Information Technology,Cloud Computing,KC,US,US,ETF Constituent,REVIEW,CLOU,,,,,,,KC,연결,마스터
마스터,Equity,Information Technology,Cybersecurity,053800,KRX,KR,ETF Constituent,REVIEW,BUG,,,,,,,KOSDAQ:053800,연결,마스터
마스터,Equity,Information Technology,Cybersecurity,NCC,LON,US,ETF Constituent,REVIEW,BUG,,,,,,,,시장·통화 확인,마스터
마스터,Equity,Information Technology,Cybersecurity,002326,TYO,KR,ETF Constituent,REVIEW,BUG,,,,,,,,시세 없음,마스터
마스터,Equity,Information Technology,Cybersecurity,003692,TYO,KR,ETF Constituent,REVIEW,BUG,,,,,,,,시세 없음,마스터
마스터,Equity,Information Technology,Cybersecurity,GRRR,US,US,ETF Constituent,REVIEW,BUG,,,,,,,GRRR,연결,마스터
마스터,Equity,Information Technology,Cybersecurity,TLS,US,US,ETF Constituent,REVIEW,BUG,,,,,,,TLS,연결,마스터
마스터,Equity,Information Technology,Cybersecurity,004258,TYO,KR,ETF Constituent,REVIEW,BUG,,,,,,,,시세 없음,마스터
마스터,Equity,Information Technology,Cybersecurity,004475,TYO,KR,ETF Constituent,REVIEW,BUG,,,,,,,,시세 없음,마스터
마스터,Equity,Information Technology,Cybersecurity,ARQQ,US,US,ETF Constituent,REVIEW,BUG,,,,,,,ARQQ,연결,마스터
마스터,Equity,Information Technology,Cybersecurity,VRNS,US,US,ETF Constituent,REVIEW,BUG,,,,,,,VRNS,연결,마스터
마스터,Equity,Information Technology,Cybersecurity,NTSK,US,US,ETF Constituent,REVIEW,BUG,,,,,,,NTSK,연결,마스터
마스터,Equity,Information Technology,Cybersecurity,SAIL,US,US,ETF Constituent,REVIEW,BUG,,,,,,,SAIL,연결,마스터
마스터,Equity,Information Technology,Cybersecurity,TENB,US,US,ETF Constituent,REVIEW,BUG,,,,,,,TENB,연결,마스터
마스터,Equity,Information Technology,Cybersecurity,S,US,US,ETF Constituent,REVIEW,BUG,,,,,,,S,연결,마스터
마스터,Equity,Information Technology,Cybersecurity,GEN,US,US,ETF Constituent,REVIEW,BUG,,,,,,,GEN,연결,마스터
마스터,Equity,Information Technology,Cybersecurity,CVLT,US,US,ETF Constituent,REVIEW,BUG,,,,,,,CVLT,연결,마스터
마스터,Equity,Information Technology,Cybersecurity,004704,TYO,KR,ETF Constituent,REVIEW,BUG,,,,,,,,시세 없음,마스터
마스터,Equity,Information Technology,Cybersecurity,CHKP,US,US,ETF Constituent,REVIEW,BUG,,,,,,,CHKP,연결,마스터
마스터,Equity,Information Technology,Cybersecurity,ATEN,US,US,ETF Constituent,REVIEW,BUG,,,,,,,ATEN,연결,마스터
마스터,Equity,Information Technology,Cybersecurity,RDWR,US,US,ETF Constituent,REVIEW,BUG,,,,,,,RDWR,연결,마스터
마스터,Equity,Information Technology,Cybersecurity,RPD,US,US,ETF Constituent,REVIEW,BUG,,,,,,,RPD,연결,마스터
마스터,Equity,Information Technology,Cybersecurity,OSPN,US,US,ETF Constituent,REVIEW,BUG,,,,,,,OSPN,연결,마스터
마스터,Equity,Energy,Oil Refining,PSX,US,US,ETF Constituent,REVIEW,CRAK,,,,,,,PSX,연결,마스터
마스터,Equity,Energy,Oil Refining,RIGD,LON,US,ETF Constituent,REVIEW,CRAK,,,,,,,,시세 없음,마스터
마스터,Equity,Energy,Oil Refining,DINO,US,US,ETF Constituent,REVIEW,CRAK,,,,,,,DINO,연결,마스터
마스터,Equity,Energy,Oil Refining,NESTE,HEL,US,ETF Constituent,REVIEW,CRAK,,,,,,,,시장·통화 확인,마스터
마스터,Equity,Energy,Oil Refining,005020,TYO,KR,ETF Constituent,REVIEW,CRAK,,,,,,,,시세 없음,마스터
마스터,Equity,Energy,Oil Refining,PKN,WSE,US,ETF Constituent,REVIEW,CRAK,,,,,,,,시장·통화 확인,마스터
마스터,Equity,Energy,Oil Refining,005019,TYO,KR,ETF Constituent,REVIEW,CRAK,,,,,,,,시세 없음,마스터
마스터,Equity,Energy,Oil Refining,TUPRS,IST,US,ETF Constituent,REVIEW,CRAK,,,,,,,,시장·통화 확인,마스터
마스터,Equity,Energy,Oil Refining,MOL,BUD,US,ETF Constituent,REVIEW,CRAK,,,,,,,,시장·통화 확인,마스터
마스터,Equity,Energy,Oil Refining,OMV,VIE,US,ETF Constituent,REVIEW,CRAK,,,,,,,,시장·통화 확인,마스터
마스터,Equity,Energy,Oil Refining,GALP,ELI,US,ETF Constituent,REVIEW,CRAK,,,,,,,,시장·통화 확인,마스터
마스터,Equity,Energy,Oil Refining,PBF,US,US,ETF Constituent,REVIEW,CRAK,,,,,,,PBF,연결,마스터
마스터,Equity,Energy,Oil Refining,ALD,ASX,US,ETF Constituent,REVIEW,CRAK,,,,,,,,시장·통화 확인,마스터
마스터,Equity,Energy,Oil Refining,MOH,ATH,US,ETF Constituent,REVIEW,CRAK,,,,,,,,연결,마스터
마스터,Equity,Energy,Oil Refining,006505,TPE,KR,ETF Constituent,REVIEW,CRAK,,,,,,,,시세 없음,마스터
마스터,Equity,Energy,Oil Refining,DK,US,US,ETF Constituent,REVIEW,CRAK,,,,,,,DK,연결,마스터
마스터,Equity,Energy,Oil Refining,005021,TYO,KR,ETF Constituent,REVIEW,CRAK,,,,,,,,시세 없음,마스터
마스터,Equity,Energy,Oil Refining,PARR,US,US,ETF Constituent,REVIEW,CRAK,,,,,,,PARR,연결,마스터
마스터,Equity,Energy,Oil Refining,CLMT,US,US,ETF Constituent,REVIEW,CRAK,,,,,,,CLMT,연결,마스터
마스터,Equity,Energy,Oil Refining,TOP-R,BKK,US,ETF Constituent,REVIEW,CRAK,,,,,,,,시세 없음,마스터
ETF구성,Equity,Information Technology,Memory Semiconductors,000660,,KR,,,,0190G0,1,36.8%,2026-08-31,https://www.samsungfund.com/etf/product/view.do?id=2ETFV1,SK하이닉스,KRX:000660,연결,기준일 확인
ETF구성,Equity,Information Technology,Semiconductors,005930,,KR,,,,0190G0,2,23.5%,2026-08-31,https://www.samsungfund.com/etf/product/view.do?id=2ETFV1,삼성전자,KRX:005930,연결,기준일 확인
ETF구성,Equity,Information Technology,Semiconductor Equipment,042700,,KR,,,,0190G0,3,6.2%,2026-08-31,https://www.samsungfund.com/etf/product/view.do?id=2ETFV1,한미반도체,KRX:042700,연결,기준일 확인
ETF구성,Equity,Information Technology,Semiconductors,036930,,KR,,,,0190G0,4,3.7%,2026-08-31,https://www.samsungfund.com/etf/product/view.do?id=2ETFV1,주성엔지니어링,KOSDAQ:036930,연결,기준일 확인
ETF구성,Equity,Information Technology,Semiconductors,240810,,KR,,,,0190G0,5,2.4%,2026-08-31,https://www.samsungfund.com/etf/product/view.do?id=2ETFV1,원익IPS,KOSDAQ:240810,연결,기준일 확인
ETF구성,Equity,Information Technology,Semiconductors,039030,,KR,,,,0190G0,6,2.3%,2026-08-31,https://www.samsungfund.com/etf/product/view.do?id=2ETFV1,이오테크닉스,KOSDAQ:039030,연결,기준일 확인
ETF구성,Equity,Information Technology,Semiconductor Equipment / Testing,058470,,KR,,,,0190G0,7,2.2%,2026-08-31,https://www.samsungfund.com/etf/product/view.do?id=2ETFV1,리노공업,KOSDAQ:058470,연결,기준일 확인
ETF구성,Equity,Information Technology,Semiconductors,222800,,KR,,,,0190G0,8,2.0%,2026-08-31,https://www.samsungfund.com/etf/product/view.do?id=2ETFV1,심텍,KOSDAQ:222800,연결,기준일 확인
ETF구성,Equity,Information Technology,Semiconductors,000990,,KR,,,,0190G0,9,1.9%,2026-08-31,https://www.samsungfund.com/etf/product/view.do?id=2ETFV1,DB하이텍,KRX:000990,연결,기준일 확인
ETF구성,Equity,Information Technology,Semiconductors,319660,,KR,,,,0190G0,10,1.7%,2026-08-31,https://www.samsungfund.com/etf/product/view.do?id=2ETFV1,피에스케이,KOSDAQ:319660,연결,기준일 확인
ETF구성,Equity,Industrials,Machinery,034020,,KR,,,,102960,1,15.6%,2026-08-31,https://www.samsungfund.com/etf/product/view.do?id=2ETF16,두산에너빌리티,KRX:034020,연결,기준일 확인
ETF구성,Equity,Industrials,Electrical Equipment,267260,,KR,,,,102960,2,7.5%,2026-08-31,https://www.samsungfund.com/etf/product/view.do?id=2ETF16,HD현대일렉트릭,KRX:267260,연결,기준일 확인
ETF구성,Equity,Information Technology,Battery Cells,373220,,KR,,,,102960,3,7.5%,2026-08-31,https://www.samsungfund.com/etf/product/view.do?id=2ETF16,LG에너지솔루션,KRX:373220,연결,기준일 확인
ETF구성,Equity,Industrials,Electrical Equipment / Automation,010120,,KR,,,,102960,4,6.8%,2026-08-31,https://www.samsungfund.com/etf/product/view.do?id=2ETF16,LS ELECTRIC,KRX:010120,연결,기준일 확인
ETF구성,Equity,Industrials,Shipbuilding,009540,,KR,,,,102960,5,6.8%,2026-08-31,https://www.samsungfund.com/etf/product/view.do?id=2ETF16,HD한국조선해양,KRX:009540,연결,기준일 확인
ETF구성,Equity,Industrials,Shipbuilding,329180,,KR,,,,102960,6,6.2%,2026-08-31,https://www.samsungfund.com/etf/product/view.do?id=2ETF16,HD현대중공업,KRX:329180,연결,기준일 확인
ETF구성,Equity,Industrials,Shipbuilding,010140,,KR,,,,102960,7,5.8%,2026-08-31,https://www.samsungfund.com/etf/product/view.do?id=2ETF16,삼성중공업,KRX:010140,연결,기준일 확인
ETF구성,Equity,Industrials,Electrical Equipment,298040,,KR,,,,102960,8,5.6%,2026-08-31,https://www.samsungfund.com/etf/product/view.do?id=2ETF16,효성중공업,KRX:298040,연결,기준일 확인
ETF구성,Equity,Industrials,Shipbuilding,042660,,KR,,,,102960,9,4.8%,2026-08-31,https://www.samsungfund.com/etf/product/view.do?id=2ETF16,한화오션,KRX:042660,연결,기준일 확인
ETF구성,Equity,Industrials,Defense Vehicles / Rail,064350,,KR,,,,102960,10,4.2%,2026-08-31,https://www.samsungfund.com/etf/product/view.do?id=2ETF16,현대로템,KRX:064350,연결,기준일 확인
ETF구성,Equity,Financials,Securities,006800,,KR,,,,102970,1,24.6%,2026-08-31,https://www.samsungfund.com/etf/product/view.do?id=2ETF15,미래에셋증권,KRX:006800,연결,기준일 확인
ETF구성,Equity,Financials,Securities,071050,,KR,,,,102970,2,19.6%,2026-08-31,https://www.samsungfund.com/etf/product/view.do?id=2ETF15,한국금융지주,KRX:071050,연결,기준일 확인
ETF구성,Equity,Financials,Securities,016360,,KR,,,,102970,3,17.4%,2026-08-31,https://www.samsungfund.com/etf/product/view.do?id=2ETF15,삼성증권,KRX:016360,연결,기준일 확인
ETF구성,Equity,Financials,Securities,039490,,KR,,,,102970,4,13.9%,2026-08-31,https://www.samsungfund.com/etf/product/view.do?id=2ETF15,키움증권,KRX:039490,연결,기준일 확인
ETF구성,Equity,Financials,Securities,005940,,KR,,,,102970,5,13.0%,2026-08-31,https://www.samsungfund.com/etf/product/view.do?id=2ETF15,NH투자증권,KRX:005940,연결,기준일 확인
ETF구성,Equity,Financials,Securities,001720,,KR,,,,102970,6,2.2%,2026-08-31,https://www.samsungfund.com/etf/product/view.do?id=2ETF15,신영증권,KRX:001720,연결,기준일 확인
ETF구성,Equity,Financials,Securities,003540,,KR,,,,102970,7,2.2%,2026-08-31,https://www.samsungfund.com/etf/product/view.do?id=2ETF15,대신증권,KRX:003540,연결,기준일 확인
ETF구성,Equity,Financials,Securities,003530,,KR,,,,102970,8,1.7%,2026-08-31,https://www.samsungfund.com/etf/product/view.do?id=2ETF15,한화투자증권,KRX:003530,연결,기준일 확인
ETF구성,Equity,Financials,Securities,001510,,KR,,,,102970,9,1.3%,2026-08-31,https://www.samsungfund.com/etf/product/view.do?id=2ETF15,SK증권,KRX:001510,연결,기준일 확인
ETF구성,Equity,Financials,Securities,003470,,KR,,,,102970,10,1.1%,2026-08-31,https://www.samsungfund.com/etf/product/view.do?id=2ETF15,유안타증권,KRX:003470,연결,기준일 확인
ETF구성,Equity,Materials,Chemicals & Energy Materials,051910,,KR,,,,117460,1,16.5%,2026-08-31,https://www.samsungfund.com/etf/product/view.do?id=2ETF21,LG화학,KRX:051910,연결,기준일 확인
ETF구성,Equity,Materials,Chemicals & Energy Materials,267250,,KR,,,,117460,2,14.4%,2026-08-31,https://www.samsungfund.com/etf/product/view.do?id=2ETF21,HD현대,KRX:267250,연결,기준일 확인
ETF구성,Equity,Materials,Chemicals & Energy Materials,096770,,KR,,,,117460,3,12.8%,2026-08-31,https://www.samsungfund.com/etf/product/view.do?id=2ETF21,SK이노베이션,KRX:096770,연결,기준일 확인
ETF구성,Equity,Materials,Chemicals & Energy Materials,010950,,KR,,,,117460,4,9.1%,2026-08-31,https://www.samsungfund.com/etf/product/view.do?id=2ETF21,S-Oil,KRX:010950,연결,기준일 확인
ETF구성,Equity,Materials,Chemicals & Energy Materials,009830,,KR,,,,117460,5,7.0%,2026-08-31,https://www.samsungfund.com/etf/product/view.do?id=2ETF21,한화솔루션,KRX:009830,연결,기준일 확인
ETF구성,Equity,Materials,Chemicals & Energy Materials,010060,,KR,,,,117460,6,5.3%,2026-08-31,https://www.samsungfund.com/etf/product/view.do?id=2ETF21,OCI홀딩스,KRX:010060,연결,기준일 확인
ETF구성,Equity,Materials,Chemicals & Energy Materials,011790,,KR,,,,117460,7,3.5%,2026-08-31,https://www.samsungfund.com/etf/product/view.do?id=2ETF21,SKC,KRX:011790,연결,기준일 확인
ETF구성,Equity,Materials,Chemicals & Energy Materials,014680,,KR,,,,117460,8,2.9%,2026-08-31,https://www.samsungfund.com/etf/product/view.do?id=2ETF21,한솔케미칼,KRX:014680,연결,기준일 확인
ETF구성,Equity,Materials,Chemicals & Energy Materials,002380,,KR,,,,117460,9,2.8%,2026-08-31,https://www.samsungfund.com/etf/product/view.do?id=2ETF21,KCC,KRX:002380,연결,기준일 확인
ETF구성,Equity,Materials,Chemicals & Energy Materials,011780,,KR,,,,117460,10,2.7%,2026-08-31,https://www.samsungfund.com/etf/product/view.do?id=2ETF21,금호석유화학,KRX:011780,연결,기준일 확인
ETF구성,Equity,Materials,Steel,005490,,KR,,,,117680,1,21.1%,2026-08-31,https://www.samsungfund.com/etf/product/view.do?id=2ETF23,POSCO홀딩스,KRX:005490,연결,기준일 확인
ETF구성,Equity,Materials,Steel,010130,,KR,,,,117680,2,20.7%,2026-08-31,https://www.samsungfund.com/etf/product/view.do?id=2ETF23,고려아연,KRX:010130,연결,기준일 확인
ETF구성,Equity,Materials,Steel,004020,,KR,,,,117680,3,19.2%,2026-08-31,https://www.samsungfund.com/etf/product/view.do?id=2ETF23,현대제철,KRX:004020,연결,기준일 확인
ETF구성,Equity,Materials,Steel,103140,,KR,,,,117680,4,10.7%,2026-08-31,https://www.samsungfund.com/etf/product/view.do?id=2ETF23,풍산,KRX:103140,연결,기준일 확인
ETF구성,Equity,Materials,Steel,006110,,KR,,,,117680,5,4.2%,2026-08-31,https://www.samsungfund.com/etf/product/view.do?id=2ETF23,삼아알미늄,KRX:006110,연결,기준일 확인
ETF구성,Equity,Materials,Steel,001430,,KR,,,,117680,6,3.8%,2026-08-31,https://www.samsungfund.com/etf/product/view.do?id=2ETF23,세아베스틸지주,KRX:001430,연결,기준일 확인
ETF구성,Equity,Materials,Steel,295310,,KR,,,,117680,7,2.7%,2026-08-31,https://www.samsungfund.com/etf/product/view.do?id=2ETF23,에이치브이엠,KOSDAQ:295310,연결,기준일 확인
ETF구성,Equity,Materials,Steel,460860,,KR,,,,117680,8,2.7%,2026-08-31,https://www.samsungfund.com/etf/product/view.do?id=2ETF23,동국제강,KRX:460860,연결,기준일 확인
ETF구성,Equity,Materials,Steel,005810,,KR,,,,117680,9,2.0%,2026-08-31,https://www.samsungfund.com/etf/product/view.do?id=2ETF23,풍산홀딩스,KRX:005810,연결,기준일 확인
ETF구성,Equity,Materials,Steel,009520,,KR,,,,117680,10,2.0%,2026-08-31,https://www.samsungfund.com/etf/product/view.do?id=2ETF23,포스코엠텍,KOSDAQ:009520,연결,기준일 확인
ETF구성,Equity,Industrials,Construction,028050,,KR,,,,117700,1,22.0%,2026-08-31,https://www.samsungfund.com/etf/product/view.do?id=2ETF22,삼성E&A,KRX:028050,연결,기준일 확인
ETF구성,Equity,Industrials,Construction,000720,,KR,,,,117700,2,20.9%,2026-08-31,https://www.samsungfund.com/etf/product/view.do?id=2ETF22,현대건설,KRX:000720,연결,기준일 확인
ETF구성,Equity,Industrials,Construction,047040,,KR,,,,117700,3,13.2%,2026-08-31,https://www.samsungfund.com/etf/product/view.do?id=2ETF22,대우건설,KRX:047040,연결,기준일 확인
ETF구성,Equity,Industrials,Construction,006360,,KR,,,,117700,4,8.1%,2026-08-31,https://www.samsungfund.com/etf/product/view.do?id=2ETF22,GS건설,KRX:006360,연결,기준일 확인
ETF구성,Equity,Industrials,Construction,052690,,KR,,,,117700,5,7.8%,2026-08-31,https://www.samsungfund.com/etf/product/view.do?id=2ETF22,한전기술,KRX:052690,연결,기준일 확인
ETF구성,Equity,Industrials,Construction,375500,,KR,,,,117700,6,7.3%,2026-08-31,https://www.samsungfund.com/etf/product/view.do?id=2ETF22,DL이앤씨,KRX:375500,연결,기준일 확인
ETF구성,Equity,Industrials,Construction,319400,,KR,,,,117700,7,4.5%,2026-08-31,https://www.samsungfund.com/etf/product/view.do?id=2ETF22,현대무벡스,KOSDAQ:319400,연결,기준일 확인
ETF구성,Equity,Industrials,Construction,294870,,KR,,,,117700,8,2.7%,2026-08-31,https://www.samsungfund.com/etf/product/view.do?id=2ETF22,IPARK현대산업개발,KRX:294870,연결,기준일 확인
ETF구성,Equity,Industrials,Construction,012630,,KR,,,,117700,9,2.0%,2026-08-31,https://www.samsungfund.com/etf/product/view.do?id=2ETF22,HDC,KRX:012630,연결,기준일 확인
ETF구성,Equity,Industrials,Construction,060370,,KR,,,,117700,10,1.8%,2026-08-31,https://www.samsungfund.com/etf/product/view.do?id=2ETF22,LS마린솔루션,KOSDAQ:060370,연결,기준일 확인
ETF구성,Equity,Financials,Insurance,000810,,KR,,,,140700,1,21.4%,2026-08-31,https://www.samsungfund.com/etf/product/view.do?id=2ETF31,삼성화재,KRX:000810,연결,기준일 확인
ETF구성,Equity,Financials,Insurance,005830,,KR,,,,140700,2,20.2%,2026-08-31,https://www.samsungfund.com/etf/product/view.do?id=2ETF31,DB손해보험,KRX:005830,연결,기준일 확인
ETF구성,Equity,Financials,Insurance,032830,,KR,,,,140700,3,15.7%,2026-08-31,https://www.samsungfund.com/etf/product/view.do?id=2ETF31,삼성생명,KRX:032830,연결,기준일 확인
ETF구성,Equity,Financials,Insurance,001450,,KR,,,,140700,4,14.5%,2026-08-31,https://www.samsungfund.com/etf/product/view.do?id=2ETF31,현대해상,KRX:001450,연결,기준일 확인
ETF구성,Equity,Financials,Insurance,003690,,KR,,,,140700,5,9.5%,2026-08-31,https://www.samsungfund.com/etf/product/view.do?id=2ETF31,코리안리,KRX:003690,연결,기준일 확인
ETF구성,Equity,Financials,Insurance,088350,,KR,,,,140700,6,9.5%,2026-08-31,https://www.samsungfund.com/etf/product/view.do?id=2ETF31,한화생명,KRX:088350,연결,기준일 확인
ETF구성,Equity,Financials,Insurance,031210,,KR,,,,140700,7,3.0%,2026-08-31,https://www.samsungfund.com/etf/product/view.do?id=2ETF31,서울보증보험,KRX:031210,연결,기준일 확인
ETF구성,Equity,Financials,Insurance,085620,,KR,,,,140700,8,2.1%,2026-08-31,https://www.samsungfund.com/etf/product/view.do?id=2ETF31,미래에셋생명,KRX:085620,연결,기준일 확인
ETF구성,Equity,Financials,Insurance,000370,,KR,,,,140700,9,2.1%,2026-08-31,https://www.samsungfund.com/etf/product/view.do?id=2ETF31,한화손해보험,KRX:000370,연결,기준일 확인
ETF구성,Equity,Financials,Insurance,211050,,KR,,,,140700,10,1.4%,2026-08-31,https://www.samsungfund.com/etf/product/view.do?id=2ETF31,인카금융서비스,KOSDAQ:211050,연결,기준일 확인
ETF구성,Equity,Industrials,Transportation,086280,,KR,,,,140710,1,25.5%,2026-08-31,https://www.samsungfund.com/etf/product/view.do?id=2ETF30,현대글로비스,KRX:086280,연결,기준일 확인
ETF구성,Equity,Industrials,Transportation,003490,,KR,,,,140710,2,21.8%,2026-08-31,https://www.samsungfund.com/etf/product/view.do?id=2ETF30,대한항공,KRX:003490,연결,기준일 확인
ETF구성,Equity,Industrials,Transportation,011200,,KR,,,,140710,3,15.5%,2026-08-31,https://www.samsungfund.com/etf/product/view.do?id=2ETF30,HMM,KRX:011200,연결,기준일 확인
ETF구성,Equity,Industrials,Transportation,028670,,KR,,,,140710,4,11.2%,2026-08-31,https://www.samsungfund.com/etf/product/view.do?id=2ETF30,팬오션,KRX:028670,연결,기준일 확인
ETF구성,Equity,Industrials,Transportation,000120,,KR,,,,140710,5,7.1%,2026-08-31,https://www.samsungfund.com/etf/product/view.do?id=2ETF30,CJ대한통운,KRX:000120,연결,기준일 확인
ETF구성,Equity,Industrials,Transportation,089860,,KR,,,,140710,6,5.4%,2026-08-31,https://www.samsungfund.com/etf/product/view.do?id=2ETF30,롯데렌탈,KRX:089860,연결,기준일 확인
ETF구성,Equity,Industrials,Transportation,020560,,KR,,,,140710,7,5.0%,2026-08-31,https://www.samsungfund.com/etf/product/view.do?id=2ETF30,아시아나항공,KRX:020560,연결,기준일 확인
ETF구성,Equity,Industrials,Transportation,005880,,KR,,,,140710,8,3.1%,2026-08-31,https://www.samsungfund.com/etf/product/view.do?id=2ETF30,대한해운,KRX:005880,연결,기준일 확인
ETF구성,Equity,Industrials,Transportation,002320,,KR,,,,140710,9,1.2%,2026-08-31,https://www.samsungfund.com/etf/product/view.do?id=2ETF30,한진,KRX:002320,연결,기준일 확인
ETF구성,Equity,Industrials,Transportation,272450,,KR,,,,140710,10,1.2%,2026-08-31,https://www.samsungfund.com/etf/product/view.do?id=2ETF30,진에어,KRX:272450,연결,기준일 확인
ETF구성,Equity,Industrials,Industrials,SWAP00000005,,US,,,,200030,1,74.2%,2026-08-31,https://www.samsungfund.com/etf/product/view.do?id=2ETF41,스왑(미래에셋증권),,시세 없음,기준일 확인
ETF구성,Equity,Industrials,Industrials,SWAP00000014,,US,,,,200030,2,25.8%,2026-08-31,https://www.samsungfund.com/etf/product/view.do?id=2ETF41,스왑(하나금융투자),,시세 없음,기준일 확인
ETF구성,Equity,Energy,Energy,SWAP00000005,,US,,,,218420,1,51.3%,2026-08-31,https://www.samsungfund.com/etf/product/view.do?id=2ETF49,스왑(미래에셋증권),,시세 없음,기준일 확인
ETF구성,Equity,Energy,Energy,SWAP00000014,,US,,,,218420,2,32.7%,2026-08-31,https://www.samsungfund.com/etf/product/view.do?id=2ETF49,스왑(하나금융투자),,시세 없음,기준일 확인
ETF구성,Equity,Energy,Energy,XLE,,US,,,,218420,3,16.0%,2026-08-31,https://www.samsungfund.com/etf/product/view.do?id=2ETF49,SPDR Energy Select Sector,XLE,연결,기준일 확인
ETF구성,Equity,Information Technology,Software,035420,,KR,,,,266360,1,25.9%,2026-08-31,https://www.samsungfund.com/etf/product/view.do?id=2ETF81,NAVER,KRX:035420,연결,기준일 확인
ETF구성,Equity,Information Technology,Software,035720,,KR,,,,266360,2,17.0%,2026-08-31,https://www.samsungfund.com/etf/product/view.do?id=2ETF81,카카오,KRX:035720,연결,기준일 확인
ETF구성,Equity,Information Technology,Software,259960,,KR,,,,266360,3,14.6%,2026-08-31,https://www.samsungfund.com/etf/product/view.do?id=2ETF81,크래프톤,KRX:259960,연결,기준일 확인
ETF구성,Equity,Communication Services,Music / Entertainment,352820,,KR,,,,266360,4,10.6%,2026-08-31,https://www.samsungfund.com/etf/product/view.do?id=2ETF81,하이브,KRX:352820,연결,기준일 확인
ETF구성,Equity,Information Technology,Software,036570,,KR,,,,266360,5,9.0%,2026-08-31,https://www.samsungfund.com/etf/product/view.do?id=2ETF81,NC,KRX:036570,연결,기준일 확인
ETF구성,Equity,Communication Services,Media & Communication,030000,,KR,,,,266360,6,3.1%,2026-08-31,https://www.samsungfund.com/etf/product/view.do?id=2ETF81,제일기획,KRX:030000,연결,기준일 확인
ETF구성,Equity,Information Technology,Software,263750,,KR,,,,266360,7,2.8%,2026-08-31,https://www.samsungfund.com/etf/product/view.do?id=2ETF81,펄어비스,KOSDAQ:263750,연결,기준일 확인
ETF구성,Equity,Information Technology,Software,251270,,KR,,,,266360,8,2.7%,2026-08-31,https://www.samsungfund.com/etf/product/view.do?id=2ETF81,넷마블,KRX:251270,연결,기준일 확인
ETF구성,Equity,Communication Services,Music / Entertainment,035900,,KR,,,,266360,9,2.5%,2026-08-31,https://www.samsungfund.com/etf/product/view.do?id=2ETF81,JYP Ent.,KOSDAQ:035900,연결,기준일 확인
ETF구성,Equity,Communication Services,Music / Entertainment,041510,,KR,,,,266360,10,2.4%,2026-08-31,https://www.samsungfund.com/etf/product/view.do?id=2ETF81,에스엠,KOSDAQ:041510,연결,기준일 확인
ETF구성,Equity,Information Technology,Memory Semiconductors,000660,,KR,,,,266370,1,33.4%,2026-08-31,https://www.samsungfund.com/etf/product/view.do?id=2ETF82,SK하이닉스,KRX:000660,연결,기준일 확인
ETF구성,Equity,Information Technology,Semiconductors,005930,,KR,,,,266370,2,20.8%,2026-08-31,https://www.samsungfund.com/etf/product/view.do?id=2ETF82,삼성전자,KRX:005930,연결,기준일 확인
ETF구성,Equity,Information Technology,Information Technology,009150,,KR,,,,266370,3,17.3%,2026-08-31,https://www.samsungfund.com/etf/product/view.do?id=2ETF82,삼성전기,KRX:009150,연결,기준일 확인
ETF구성,Equity,Information Technology,Information Technology,006400,,KR,,,,266370,4,7.6%,2026-08-31,https://www.samsungfund.com/etf/product/view.do?id=2ETF82,삼성SDI,KRX:006400,연결,기준일 확인
ETF구성,Equity,Information Technology,Software,018260,,KR,,,,266370,5,2.0%,2026-08-31,https://www.samsungfund.com/etf/product/view.do?id=2ETF82,삼성에스디에스,KRX:018260,연결,기준일 확인
ETF구성,Equity,Information Technology,Semiconductor Equipment,042700,,KR,,,,266370,6,2.0%,2026-08-31,https://www.samsungfund.com/etf/product/view.do?id=2ETF82,한미반도체,KRX:042700,연결,기준일 확인
ETF구성,Equity,Information Technology,Information Technology,011070,,KR,,,,266370,7,1.9%,2026-08-31,https://www.samsungfund.com/etf/product/view.do?id=2ETF82,LG이노텍,KRX:011070,연결,기준일 확인
ETF구성,Equity,Information Technology,Information Technology,007660,,KR,,,,266370,8,1.4%,2026-08-31,https://www.samsungfund.com/etf/product/view.do?id=2ETF82,이수페타시스,KRX:007660,연결,기준일 확인
ETF구성,Equity,Information Technology,Semiconductors,036930,,KR,,,,266370,9,1.2%,2026-08-31,https://www.samsungfund.com/etf/product/view.do?id=2ETF82,주성엔지니어링,KOSDAQ:036930,연결,기준일 확인
ETF구성,Equity,Information Technology,Semiconductors,240810,,KR,,,,266370,10,0.8%,2026-08-31,https://www.samsungfund.com/etf/product/view.do?id=2ETF82,원익IPS,KOSDAQ:240810,연결,기준일 확인
ETF구성,Equity,Consumer Discretionary,Consumer Discretionary,066570,,KR,,,,266390,1,20.3%,2026-08-31,https://www.samsungfund.com/etf/product/view.do?id=2ETF79,LG전자,KRX:066570,연결,기준일 확인
ETF구성,Equity,Consumer Discretionary,Consumer Discretionary,180640,,KR,,,,266390,2,15.3%,2026-08-31,https://www.samsungfund.com/etf/product/view.do?id=2ETF79,한진칼,KRX:180640,연결,기준일 확인
ETF구성,Equity,Consumer Discretionary,Consumer Discretionary,021240,,KR,,,,266390,3,13.5%,2026-08-31,https://www.samsungfund.com/etf/product/view.do?id=2ETF79,코웨이,KRX:021240,연결,기준일 확인
ETF구성,Equity,Consumer Discretionary,Consumer Discretionary,004170,,KR,,,,266390,4,6.3%,2026-08-31,https://www.samsungfund.com/etf/product/view.do?id=2ETF79,신세계,KRX:004170,연결,기준일 확인
ETF구성,Equity,Consumer Staples,Cosmetics,257720,,KR,,,,266390,5,4.7%,2026-08-31,https://www.samsungfund.com/etf/product/view.do?id=2ETF79,실리콘투,KOSDAQ:257720,연결,기준일 확인
ETF구성,Equity,Consumer Discretionary,Consumer Discretionary,035250,,KR,,,,266390,6,4.2%,2026-08-31,https://www.samsungfund.com/etf/product/view.do?id=2ETF79,강원랜드,KRX:035250,연결,기준일 확인
ETF구성,Equity,Consumer Discretionary,Consumer Discretionary,111770,,KR,,,,266390,7,4.0%,2026-08-31,https://www.samsungfund.com/etf/product/view.do?id=2ETF79,영원무역,KRX:111770,연결,기준일 확인
ETF구성,Equity,Consumer Discretionary,Consumer Discretionary,008770,,KR,,,,266390,8,3.3%,2026-08-31,https://www.samsungfund.com/etf/product/view.do?id=2ETF79,호텔신라,KRX:008770,연결,기준일 확인
ETF구성,Equity,Consumer Discretionary,Consumer Discretionary,081660,,KR,,,,266390,9,3.1%,2026-08-31,https://www.samsungfund.com/etf/product/view.do?id=2ETF79,미스토홀딩스,KRX:081660,연결,기준일 확인
ETF구성,Equity,Consumer Discretionary,Consumer Discretionary,069960,,KR,,,,266390,10,2.7%,2026-08-31,https://www.samsungfund.com/etf/product/view.do?id=2ETF79,현대백화점,KRX:069960,연결,기준일 확인
ETF구성,Equity,Consumer Staples,Consumer Staples,033780,,KR,,,,266410,1,20.1%,2026-08-31,https://www.samsungfund.com/etf/product/view.do?id=2ETF80,KT&G,KRX:033780,연결,기준일 확인
ETF구성,Equity,Consumer Staples,Cosmetics,278470,,KR,,,,266410,2,18.7%,2026-08-31,https://www.samsungfund.com/etf/product/view.do?id=2ETF80,에이피알,KRX:278470,연결,기준일 확인
ETF구성,Equity,Consumer Staples,Consumer Staples,003230,,KR,,,,266410,3,10.1%,2026-08-31,https://www.samsungfund.com/etf/product/view.do?id=2ETF80,삼양식품,KRX:003230,연결,기준일 확인
ETF구성,Equity,Consumer Staples,Cosmetics,090430,,KR,,,,266410,4,7.8%,2026-08-31,https://www.samsungfund.com/etf/product/view.do?id=2ETF80,아모레퍼시픽,KRX:090430,연결,기준일 확인
ETF구성,Equity,Consumer Staples,Cosmetics,051900,,KR,,,,266410,5,4.8%,2026-08-31,https://www.samsungfund.com/etf/product/view.do?id=2ETF80,LG생활건강,KRX:051900,연결,기준일 확인
ETF구성,Equity,Consumer Staples,Consumer Staples,271560,,KR,,,,266410,6,4.7%,2026-08-31,https://www.samsungfund.com/etf/product/view.do?id=2ETF80,오리온,KRX:271560,연결,기준일 확인
ETF구성,Equity,Consumer Staples,Cosmetics,161890,,KR,,,,266410,7,4.6%,2026-08-31,https://www.samsungfund.com/etf/product/view.do?id=2ETF80,한국콜마,KRX:161890,연결,기준일 확인
ETF구성,Equity,Consumer Staples,Cosmetics,192820,,KR,,,,266410,8,4.1%,2026-08-31,https://www.samsungfund.com/etf/product/view.do?id=2ETF80,코스맥스,KRX:192820,연결,기준일 확인
ETF구성,Equity,Consumer Staples,Consumer Staples,139480,,KR,,,,266410,9,2.5%,2026-08-31,https://www.samsungfund.com/etf/product/view.do?id=2ETF80,이마트,KRX:139480,연결,기준일 확인
ETF구성,Equity,Consumer Staples,Consumer Staples,097950,,KR,,,,266410,10,2.5%,2026-08-31,https://www.samsungfund.com/etf/product/view.do?id=2ETF80,CJ제일제당,KRX:097950,연결,기준일 확인
ETF구성,Equity,Health Care,Biopharma,068270,,KR,,,,266420,1,22.5%,2026-08-31,https://www.samsungfund.com/etf/product/view.do?id=2ETF78,셀트리온,KRX:068270,연결,기준일 확인
ETF구성,Equity,Health Care,Biotechnology / Platform,196170,,KR,,,,266420,2,13.1%,2026-08-31,https://www.samsungfund.com/etf/product/view.do?id=2ETF78,알테오젠,KOSDAQ:196170,연결,기준일 확인
ETF구성,Equity,Health Care,Biologics CDMO,207940,,KR,,,,266420,3,11.7%,2026-08-31,https://www.samsungfund.com/etf/product/view.do?id=2ETF78,삼성바이오로직스,KRX:207940,연결,기준일 확인
ETF구성,Equity,Health Care,Health Care,000100,,KR,,,,266420,4,3.6%,2026-08-31,https://www.samsungfund.com/etf/product/view.do?id=2ETF78,유한양행,KRX:000100,연결,기준일 확인
ETF구성,Equity,Health Care,Biotechnology,028300,,KR,,,,266420,5,3.3%,2026-08-31,https://www.samsungfund.com/etf/product/view.do?id=2ETF78,HLB,KOSDAQ:028300,연결,기준일 확인
ETF구성,Equity,Health Care,Biotechnology,087010,,KR,,,,266420,6,3.2%,2026-08-31,https://www.samsungfund.com/etf/product/view.do?id=2ETF78,펩트론,KOSDAQ:087010,연결,기준일 확인
ETF구성,Equity,Health Care,Health Care,326030,,KR,,,,266420,7,2.7%,2026-08-31,https://www.samsungfund.com/etf/product/view.do?id=2ETF78,SK바이오팜,KRX:326030,연결,기준일 확인
ETF구성,Equity,Health Care,Health Care,128940,,KR,,,,266420,8,2.5%,2026-08-31,https://www.samsungfund.com/etf/product/view.do?id=2ETF78,한미약품,KRX:128940,연결,기준일 확인
ETF구성,Equity,Health Care,Biotechnology,298380,,KR,,,,266420,9,2.5%,2026-08-31,https://www.samsungfund.com/etf/product/view.do?id=2ETF78,에이비엘바이오,KOSDAQ:298380,연결,기준일 확인
ETF구성,Equity,Consumer Staples,Cosmetics,214450,,KR,,,,266420,10,2.5%,2026-08-31,https://www.samsungfund.com/etf/product/view.do?id=2ETF78,파마리서치,KOSDAQ:214450,연결,기준일 확인
ETF구성,Equity,Information Technology,Memory Semiconductors,000660,,KR,,,,363580,1,20.5%,2026-08-31,https://www.samsungfund.com/etf/product/view.do?id=2ETFD5,SK하이닉스,KRX:000660,연결,기준일 확인
ETF구성,Equity,Information Technology,Information Technology,402340,,KR,,,,363580,2,20.3%,2026-08-31,https://www.samsungfund.com/etf/product/view.do?id=2ETFD5,SK스퀘어,KRX:402340,연결,기준일 확인
ETF구성,Equity,Information Technology,Semiconductors,005930,,KR,,,,363580,3,17.7%,2026-08-31,https://www.samsungfund.com/etf/product/view.do?id=2ETFD5,삼성전자,KRX:005930,연결,기준일 확인
ETF구성,Equity,Information Technology,Information Technology,009150,,KR,,,,363580,4,17.0%,2026-08-31,https://www.samsungfund.com/etf/product/view.do?id=2ETFD5,삼성전기,KRX:009150,연결,기준일 확인
ETF구성,Equity,Information Technology,Information Technology,006400,,KR,,,,363580,5,7.5%,2026-08-31,https://www.samsungfund.com/etf/product/view.do?id=2ETFD5,삼성SDI,KRX:006400,연결,기준일 확인
ETF구성,Equity,Information Technology,Information Technology,066570,,KR,,,,363580,6,4.7%,2026-08-31,https://www.samsungfund.com/etf/product/view.do?id=2ETFD5,LG전자,KRX:066570,연결,기준일 확인
ETF구성,Equity,Information Technology,Information Technology,003550,,KR,,,,363580,7,2.3%,2026-08-31,https://www.samsungfund.com/etf/product/view.do?id=2ETFD5,LG,KRX:003550,연결,기준일 확인
ETF구성,Equity,Information Technology,Semiconductor Equipment,042700,,KR,,,,363580,8,2.0%,2026-08-31,https://www.samsungfund.com/etf/product/view.do?id=2ETFD5,한미반도체,KRX:042700,연결,기준일 확인
ETF구성,Equity,Information Technology,Software,018260,,KR,,,,363580,9,2.0%,2026-08-31,https://www.samsungfund.com/etf/product/view.do?id=2ETFD5,삼성에스디에스,KRX:018260,연결,기준일 확인
ETF구성,Equity,Information Technology,Information Technology,011070,,KR,,,,363580,10,1.9%,2026-08-31,https://www.samsungfund.com/etf/product/view.do?id=2ETFD5,LG이노텍,KRX:011070,연결,기준일 확인
ETF구성,Equity,Consumer Staples,Mass Retail,WMT,,US,,,,453630,1,9.0%,2026-08-31,https://www.samsungfund.com/etf/product/view.do?id=2ETFI7,WAL-MART STORES INC,WMT,연결,기준일 확인
ETF구성,Equity,Consumer Staples,Warehouse Retail,COST,,US,,,,453630,2,8.3%,2026-08-31,https://www.samsungfund.com/etf/product/view.do?id=2ETFI7,COSTCO WHOLESALE CORP,COST,연결,기준일 확인
ETF구성,Equity,Consumer Staples,Beverages,KO,,US,,,,453630,3,6.9%,2026-08-31,https://www.samsungfund.com/etf/product/view.do?id=2ETFI7,COCA-COLA CO/THE,KO,연결,기준일 확인
ETF구성,Equity,Consumer Staples,Household Products,PG,,US,,,,453630,4,6.7%,2026-08-31,https://www.samsungfund.com/etf/product/view.do?id=2ETFI7,PROCTER & GAMBLE CO/THE,PG,연결,기준일 확인
ETF구성,Equity,Consumer Staples,Consumer Staples,XLP,,US,,,,453630,5,6.4%,2026-08-31,https://www.samsungfund.com/etf/product/view.do?id=2ETFI7,State Street Consumer Staples Select Sector SPDR ETF,XLP,연결,기준일 확인
ETF구성,Equity,Consumer Staples,Tobacco,PM,,US,,,,453630,6,6.0%,2026-08-31,https://www.samsungfund.com/etf/product/view.do?id=2ETFI7,PHILIP MORRIS INTERNATIONAL,PM,연결,기준일 확인
ETF구성,Equity,Consumer Staples,Consumer Staples,TGT,,US,,,,453630,7,4.5%,2026-08-31,https://www.samsungfund.com/etf/product/view.do?id=2ETFI7,TARGET CORP,TGT,연결,기준일 확인
ETF구성,Equity,Consumer Staples,Household Products,CL,,US,,,,453630,8,4.3%,2026-08-31,https://www.samsungfund.com/etf/product/view.do?id=2ETFI7,COLGATE-PALMOLIVE CO,CL,연결,기준일 확인
ETF구성,Equity,Consumer Staples,Packaged Foods,MDLZ,,US,,,,453630,9,4.1%,2026-08-31,https://www.samsungfund.com/etf/product/view.do?id=2ETFI7,MONDELEZ INTERNATIONAL,MDLZ,연결,기준일 확인
ETF구성,Equity,Consumer Staples,Beverages,PEP,,US,,,,453630,10,4.1%,2026-08-31,https://www.samsungfund.com/etf/product/view.do?id=2ETFI7,PEPSICO INC,PEP,연결,기준일 확인
ETF구성,Equity,Health Care,Pharmaceuticals / Obesity,LLY,,US,,,,453640,1,14.7%,2026-08-31,https://www.samsungfund.com/etf/product/view.do?id=2ETFI6,ELI LILLY & CO,LLY,연결,기준일 확인
ETF구성,Equity,Health Care,Health Care,JNJ,,US,,,,453640,2,10.1%,2026-08-31,https://www.samsungfund.com/etf/product/view.do?id=2ETFI6,JOHNSON & JOHNSON,JNJ,연결,기준일 확인
ETF구성,Equity,Health Care,Health Care,ABBV,,US,,,,453640,3,7.2%,2026-08-31,https://www.samsungfund.com/etf/product/view.do?id=2ETFI6,ABBVIE INC,ABBV,연결,기준일 확인
ETF구성,Equity,Health Care,Health Care,MRK,,US,,,,453640,4,5.8%,2026-08-31,https://www.samsungfund.com/etf/product/view.do?id=2ETFI6,MERCK & CO. INC.,MRK,연결,기준일 확인
ETF구성,Equity,Health Care,Managed Care,UNH,,US,,,,453640,5,5.7%,2026-08-31,https://www.samsungfund.com/etf/product/view.do?id=2ETFI6,UNITEDHEALTH GROUP INC,UNH,연결,기준일 확인
ETF구성,Equity,Health Care,Biotechnology,AMGN,,US,,,,453640,6,3.7%,2026-08-31,https://www.samsungfund.com/etf/product/view.do?id=2ETFI6,AMGEN INC,AMGN,연결,기준일 확인
ETF구성,Equity,Health Care,Life Science Tools,TMO,,US,,,,453640,7,3.7%,2026-08-31,https://www.samsungfund.com/etf/product/view.do?id=2ETFI6,THERMO FISHER SCIENTIFIC INC,TMO,연결,기준일 확인
ETF구성,Equity,Health Care,Health Care,ABT,,US,,,,453640,8,3.1%,2026-08-31,https://www.samsungfund.com/etf/product/view.do?id=2ETFI6,ABBOTT LABORATORIES,ABT,연결,기준일 확인
ETF구성,Equity,Health Care,Biotechnology,GILD,,US,,,,453640,9,2.9%,2026-08-31,https://www.samsungfund.com/etf/product/view.do?id=2ETFI6,GILEAD SCIENCES INC,GILD,연결,기준일 확인
ETF구성,Equity,Health Care,Health Care,PFE,,US,,,,453640,10,2.5%,2026-08-31,https://www.samsungfund.com/etf/product/view.do?id=2ETFI6,PFIZER INC,PFE,연결,기준일 확인
ETF구성,Equity,Financials,Banks,JPM,,US,,,,453650,1,11.5%,2026-08-31,https://www.samsungfund.com/etf/product/view.do?id=2ETFI9,JPMORGAN CHASE & CO,JPM,연결,기준일 확인
ETF구성,Equity,Financials,Financial Services,BRK/B,,US,,,,453650,2,11.2%,2026-08-31,https://www.samsungfund.com/etf/product/view.do?id=2ETFI9,BERKSHIRE HATHAWAY CL B ORD.,,시세 없음,기준일 확인
ETF구성,Equity,Financials,Payments,V,,US,,,,453650,3,7.6%,2026-08-31,https://www.samsungfund.com/etf/product/view.do?id=2ETFI9,VISA INC-CLASS A SHARES,V,연결,기준일 확인
ETF구성,Equity,Financials,Payments,MA,,US,,,,453650,4,5.8%,2026-08-31,https://www.samsungfund.com/etf/product/view.do?id=2ETFI9,MASTERCARD INC-CLASS A,MA,연결,기준일 확인
ETF구성,Equity,Financials,Banks,BAC,,US,,,,453650,5,4.8%,2026-08-31,https://www.samsungfund.com/etf/product/view.do?id=2ETFI9,BANK OF AMERICA CORP,BAC,연결,기준일 확인
ETF구성,Equity,Financials,Investment Banking,GS,,US,,,,453650,6,3.7%,2026-08-31,https://www.samsungfund.com/etf/product/view.do?id=2ETFI9,GOLDMAN SACHS GP Equity,GS,연결,기준일 확인
ETF구성,Equity,Financials,Banks,WFC,,US,,,,453650,7,3.1%,2026-08-31,https://www.samsungfund.com/etf/product/view.do?id=2ETFI9,WELLS FARGO & CO,WFC,연결,기준일 확인
ETF구성,Equity,Financials,Investment Banking,MS,,US,,,,453650,8,3.1%,2026-08-31,https://www.samsungfund.com/etf/product/view.do?id=2ETFI9,MORGAN STANLEY,MS,연결,기준일 확인
ETF구성,Equity,Financials,Financial Services,C,,US,,,,453650,9,2.7%,2026-08-31,https://www.samsungfund.com/etf/product/view.do?id=2ETFI9,CITIGROUP INC,C,연결,기준일 확인
ETF구성,Equity,Financials,Financial Services,AXP,,US,,,,453650,10,2.2%,2026-08-31,https://www.samsungfund.com/etf/product/view.do?id=2ETFI9,AMERICAN EXPRESS CO,AXP,연결,기준일 확인
ETF구성,Equity,Consumer Discretionary,E-Commerce,AMZN,,US,,,,453660,1,22.5%,2026-08-31,https://www.samsungfund.com/etf/product/view.do?id=2ETFI8,Amazon.com Inc,AMZN,연결,기준일 확인
ETF구성,Equity,Consumer Discretionary,Electric Vehicles,TSLA,,US,,,,453660,2,15.6%,2026-08-31,https://www.samsungfund.com/etf/product/view.do?id=2ETFI8,TESLA MOTORS,TSLA,연결,기준일 확인
ETF구성,Equity,Consumer Discretionary,Consumer Discretionary,XLY,,US,,,,453660,3,7.0%,2026-08-31,https://www.samsungfund.com/etf/product/view.do?id=2ETFI8,State Street Consumer Discretionary Sector SPDR ETF,XLY,연결,기준일 확인
ETF구성,Equity,Consumer Discretionary,Home Improvement,HD,,US,,,,453660,4,5.1%,2026-08-31,https://www.samsungfund.com/etf/product/view.do?id=2ETFI8,HOME DEPOT INC,HD,연결,기준일 확인
ETF구성,Equity,Consumer Discretionary,Consumer Discretionary,MCD,,US,,,,453660,5,3.8%,2026-08-31,https://www.samsungfund.com/etf/product/view.do?id=2ETFI8,MCDONALD'S CORP,MCD,연결,기준일 확인
ETF구성,Equity,Consumer Discretionary,Online Travel,BKNG,,US,,,,453660,6,3.7%,2026-08-31,https://www.samsungfund.com/etf/product/view.do?id=2ETFI8,BOOKING HOLDINGS,BKNG,연결,기준일 확인
ETF구성,Equity,Consumer Discretionary,Off-Price Retail,TJX,,US,,,,453660,7,3.3%,2026-08-31,https://www.samsungfund.com/etf/product/view.do?id=2ETFI8,TJX COMPANIES INC,TJX,연결,기준일 확인
ETF구성,Equity,Consumer Discretionary,Consumer Discretionary,SBUX,,US,,,,453660,8,2.9%,2026-08-31,https://www.samsungfund.com/etf/product/view.do?id=2ETFI8,STARBUCKS CORP,SBUX,연결,기준일 확인
ETF구성,Equity,Consumer Discretionary,Home Improvement,LOW,,US,,,,453660,9,2.7%,2026-08-31,https://www.samsungfund.com/etf/product/view.do?id=2ETFI8,LOWE'S COS INC,LOW,연결,기준일 확인
ETF구성,Equity,Consumer Discretionary,Consumer Discretionary,DASH,,US,,,,453660,10,2.1%,2026-08-31,https://www.samsungfund.com/etf/product/view.do?id=2ETFI8,DOORDASH INC - A,DASH,연결,기준일 확인
ETF구성,Equity,Utilities,Electric Utility,NEE,,US,,,,463640,1,12.1%,2026-08-31,https://www.samsungfund.com/etf/product/view.do?id=2ETFK4,NEXTERA ENERGY INC,NEE,연결,기준일 확인
ETF구성,Equity,Utilities,Electric Utility,SO,,US,,,,463640,2,7.0%,2026-08-31,https://www.samsungfund.com/etf/product/view.do?id=2ETFK4,SOUTHERN CO/THE,SO,연결,기준일 확인
ETF구성,Equity,Utilities,Electric Utility,DUK,,US,,,,463640,3,6.6%,2026-08-31,https://www.samsungfund.com/etf/product/view.do?id=2ETFK4,DUKE ENERGY CORP,DUK,연결,기준일 확인
ETF구성,Equity,Utilities,Utilities,XLU,,US,,,,463640,4,6.5%,2026-08-31,https://www.samsungfund.com/etf/product/view.do?id=2ETFK4,Utilities Select Sector SPDR F,XLU,연결,기준일 확인
ETF구성,Equity,Utilities,Nuclear / Clean Power,CEG,,US,,,,463640,5,6.3%,2026-08-31,https://www.samsungfund.com/etf/product/view.do?id=2ETFK4,CONSTELLATION ENERGY,CEG,연결,기준일 확인
ETF구성,Equity,Utilities,Electric Utility,AEP,,US,,,,463640,6,4.7%,2026-08-31,https://www.samsungfund.com/etf/product/view.do?id=2ETFK4,AMERICAN ELECTRIC POWER,AEP,연결,기준일 확인
ETF구성,Equity,Utilities,Utilities,D,,US,,,,463640,7,4.1%,2026-08-31,https://www.samsungfund.com/etf/product/view.do?id=2ETFK4,DOMINION RESOURCES INC/VA,D,연결,기준일 확인
ETF구성,Equity,Utilities,Electric Utility,SRE,,US,,,,463640,8,3.9%,2026-08-31,https://www.samsungfund.com/etf/product/view.do?id=2ETFK4,SEMPRA ENERGY,SRE,연결,기준일 확인
ETF구성,Equity,Utilities,Utilities,ETR,,US,,,,463640,9,3.4%,2026-08-31,https://www.samsungfund.com/etf/product/view.do?id=2ETFK4,ENTERGY CORP,ETR,연결,기준일 확인
ETF구성,Equity,Utilities,Utilities,XEL,,US,,,,463640,10,3.4%,2026-08-31,https://www.samsungfund.com/etf/product/view.do?id=2ETFK4,XCEL ENERGY INC,XEL,연결,기준일 확인
ETF구성,Equity,Information Technology,Semiconductors,NVDA,,US,,,,463680,1,13.9%,2026-08-31,https://www.samsungfund.com/etf/product/view.do?id=2ETFK5,NVIDIA Corp,NVDA,연결,기준일 확인
ETF구성,Equity,Information Technology,Consumer Electronics,AAPL,,US,,,,463680,2,11.7%,2026-08-31,https://www.samsungfund.com/etf/product/view.do?id=2ETFK5,APPLE Inc,AAPL,연결,기준일 확인
ETF구성,Equity,Information Technology,Software / Cloud,MSFT,,US,,,,463680,3,9.5%,2026-08-31,https://www.samsungfund.com/etf/product/view.do?id=2ETFK5,MICROSOFT,MSFT,연결,기준일 확인
ETF구성,Equity,Information Technology,Information Technology,XLK,,US,,,,463680,4,5.0%,2026-08-31,https://www.samsungfund.com/etf/product/view.do?id=2ETFK5,State Street Technology Select Sector SPDR ETF,XLK,연결,기준일 확인
ETF구성,Equity,Information Technology,Semiconductors,AVGO,,US,,,,463680,5,4.4%,2026-08-31,https://www.samsungfund.com/etf/product/view.do?id=2ETFK5,BROADCOM LTD,AVGO,연결,기준일 확인
ETF구성,Equity,Information Technology,Semiconductors,AMD,,US,,,,463680,6,3.7%,2026-08-31,https://www.samsungfund.com/etf/product/view.do?id=2ETFK5,ADVANCED MICRO DEVICES,AMD,연결,기준일 확인
ETF구성,Equity,Information Technology,Memory Semiconductors,MU,,US,,,,463680,7,3.7%,2026-08-31,https://www.samsungfund.com/etf/product/view.do?id=2ETFK5,MICRON TECH,MU,연결,기준일 확인
ETF구성,Equity,Information Technology,Semiconductors,INTC,,US,,,,463680,8,2.8%,2026-08-31,https://www.samsungfund.com/etf/product/view.do?id=2ETFK5,INTEL Corp,INTC,연결,기준일 확인
ETF구성,Equity,Information Technology,Information Technology,CSCO,,US,,,,463680,9,2.7%,2026-08-31,https://www.samsungfund.com/etf/product/view.do?id=2ETFK5,CISCO SYSTEMS INC,CSCO,연결,기준일 확인
ETF구성,Equity,Information Technology,Enterprise AI Software,PLTR,,US,,,,463680,10,2.6%,2026-08-31,https://www.samsungfund.com/etf/product/view.do?id=2ETFK5,Palantir Technologies Inc -A,PLTR,연결,기준일 확인
ETF구성,Equity,Communication Services,Social Media / Digital Advertising,META,,US,,,,463690,1,16.8%,2026-08-31,https://www.samsungfund.com/etf/product/view.do?id=2ETFK6,Meta Platforms Inc-CL A,META,연결,기준일 확인
ETF구성,Equity,Communication Services,Internet Platforms / Advertising,GOOGL,,US,,,,463690,2,10.4%,2026-08-31,https://www.samsungfund.com/etf/product/view.do?id=2ETFK6,ALPHABET INC-CL A,GOOGL,연결,기준일 확인
ETF구성,Equity,Communication Services,Media & Communication,GOOG,,US,,,,463690,3,8.3%,2026-08-31,https://www.samsungfund.com/etf/product/view.do?id=2ETFK6,ALPHABET INC-CL C,GOOG,연결,기준일 확인
ETF구성,Equity,Communication Services,Telecom,T,,US,,,,463690,4,5.2%,2026-08-31,https://www.samsungfund.com/etf/product/view.do?id=2ETFK6,AT&T INC,T,연결,기준일 확인
ETF구성,Equity,Communication Services,Telecom,VZ,,US,,,,463690,5,5.0%,2026-08-31,https://www.samsungfund.com/etf/product/view.do?id=2ETFK6,VERIZON COMMUNICATIONS INC,VZ,연결,기준일 확인
ETF구성,Equity,Communication Services,Media & Communication,CMCSA,,US,,,,463690,6,4.8%,2026-08-31,https://www.samsungfund.com/etf/product/view.do?id=2ETFK6,COMCAST CORP,CMCSA,연결,기준일 확인
ETF구성,Equity,Communication Services,Media / Entertainment,DIS,,US,,,,463690,7,4.8%,2026-08-31,https://www.samsungfund.com/etf/product/view.do?id=2ETFK6,WALT DISNEY CO/THE,DIS,연결,기준일 확인
ETF구성,Equity,Communication Services,Streaming Media,NFLX,,US,,,,463690,8,4.8%,2026-08-31,https://www.samsungfund.com/etf/product/view.do?id=2ETFK6,NETFLIX,NFLX,연결,기준일 확인
ETF구성,Equity,Communication Services,Media & Communication,WBD,,US,,,,463690,9,4.7%,2026-08-31,https://www.samsungfund.com/etf/product/view.do?id=2ETFK6,WARNER BROS DISCOVERY INC,WBD,연결,기준일 확인
ETF구성,Equity,Communication Services,Media & Communication,OMC,,US,,,,463690,10,4.6%,2026-08-31,https://www.samsungfund.com/etf/product/view.do?id=2ETFK6,OMNICOM GROUP,OMC,연결,기준일 확인
ETF구성,Equity,Information Technology,Memory Semiconductors,000660,,KR,,,,091160,1,37.0%,2026-08-31,https://www.samsungfund.com/etf/product/view.do?id=2ETF07,SK하이닉스,KRX:000660,연결,기준일 확인
ETF구성,Equity,Information Technology,Semiconductors,005930,,KR,,,,091160,2,23.0%,2026-08-31,https://www.samsungfund.com/etf/product/view.do?id=2ETF07,삼성전자,KRX:005930,연결,기준일 확인
ETF구성,Equity,Information Technology,Semiconductor Equipment,042700,,KR,,,,091160,3,6.1%,2026-08-31,https://www.samsungfund.com/etf/product/view.do?id=2ETF07,한미반도체,KRX:042700,연결,기준일 확인
ETF구성,Equity,Information Technology,Semiconductors,036930,,KR,,,,091160,4,3.7%,2026-08-31,https://www.samsungfund.com/etf/product/view.do?id=2ETF07,주성엔지니어링,KOSDAQ:036930,연결,기준일 확인
ETF구성,Equity,Information Technology,Semiconductors,240810,,KR,,,,091160,5,2.4%,2026-08-31,https://www.samsungfund.com/etf/product/view.do?id=2ETF07,원익IPS,KOSDAQ:240810,연결,기준일 확인
ETF구성,Equity,Information Technology,Semiconductors,039030,,KR,,,,091160,6,2.2%,2026-08-31,https://www.samsungfund.com/etf/product/view.do?id=2ETF07,이오테크닉스,KOSDAQ:039030,연결,기준일 확인
ETF구성,Equity,Information Technology,Semiconductors,403870,,KR,,,,091160,7,2.2%,2026-08-31,https://www.samsungfund.com/etf/product/view.do?id=2ETF07,HPSP,KOSDAQ:403870,연결,기준일 확인
ETF구성,Equity,Information Technology,Semiconductor Equipment / Testing,058470,,KR,,,,091160,8,2.2%,2026-08-31,https://www.samsungfund.com/etf/product/view.do?id=2ETF07,리노공업,KOSDAQ:058470,연결,기준일 확인
ETF구성,Equity,Information Technology,Semiconductors,222800,,KR,,,,091160,9,2.0%,2026-08-31,https://www.samsungfund.com/etf/product/view.do?id=2ETF07,심텍,KOSDAQ:222800,연결,기준일 확인
ETF구성,Equity,Information Technology,Semiconductors,000990,,KR,,,,091160,10,1.9%,2026-08-31,https://www.samsungfund.com/etf/product/view.do?id=2ETF07,DB하이텍,KRX:000990,연결,기준일 확인
ETF구성,Equity,Financials,Financial Holding / Banks,055550,,KR,,,,091170,1,23.2%,2026-08-31,https://www.samsungfund.com/etf/product/view.do?id=2ETF08,신한지주,KRX:055550,연결,기준일 확인
ETF구성,Equity,Financials,Financial Holding / Banks,086790,,KR,,,,091170,2,22.3%,2026-08-31,https://www.samsungfund.com/etf/product/view.do?id=2ETF08,하나금융지주,KRX:086790,연결,기준일 확인
ETF구성,Equity,Financials,Financial Holding / Banks,105560,,KR,,,,091170,3,20.6%,2026-08-31,https://www.samsungfund.com/etf/product/view.do?id=2ETF08,KB금융,KRX:105560,연결,기준일 확인
ETF구성,Equity,Financials,Financial Holding / Banks,316140,,KR,,,,091170,4,16.4%,2026-08-31,https://www.samsungfund.com/etf/product/view.do?id=2ETF08,우리금융지주,KRX:316140,연결,기준일 확인
ETF구성,Equity,Financials,Banks,323410,,KR,,,,091170,5,5.4%,2026-08-31,https://www.samsungfund.com/etf/product/view.do?id=2ETF08,카카오뱅크,KRX:323410,연결,기준일 확인
ETF구성,Equity,Financials,Banks,024110,,KR,,,,091170,6,4.1%,2026-08-31,https://www.samsungfund.com/etf/product/view.do?id=2ETF08,기업은행,KRX:024110,연결,기준일 확인
ETF구성,Equity,Financials,Banks,175330,,KR,,,,091170,7,3.3%,2026-08-31,https://www.samsungfund.com/etf/product/view.do?id=2ETF08,JB금융지주,KRX:175330,연결,기준일 확인
ETF구성,Equity,Financials,Banks,138930,,KR,,,,091170,8,3.0%,2026-08-31,https://www.samsungfund.com/etf/product/view.do?id=2ETF08,BNK금융지주,KRX:138930,연결,기준일 확인
ETF구성,Equity,Financials,Banks,139130,,KR,,,,091170,9,1.8%,2026-08-31,https://www.samsungfund.com/etf/product/view.do?id=2ETF08,iM금융지주,KRX:139130,연결,기준일 확인
ETF구성,Equity,Financials,Banks,006220,,KR,,,,091170,10,0.1%,2026-08-31,https://www.samsungfund.com/etf/product/view.do?id=2ETF08,제주은행,KRX:006220,연결,기준일 확인
ETF구성,Equity,Consumer Discretionary,Automobiles,005380,,KR,,,,091180,1,25.6%,2026-08-31,https://www.samsungfund.com/etf/product/view.do?id=2ETF06,현대차,KRX:005380,연결,기준일 확인
ETF구성,Equity,Consumer Discretionary,Auto Parts / Mobility,012330,,KR,,,,091180,2,20.2%,2026-08-31,https://www.samsungfund.com/etf/product/view.do?id=2ETF06,현대모비스,KRX:012330,연결,기준일 확인
ETF구성,Equity,Consumer Discretionary,Automobiles,000270,,KR,,,,091180,3,16.8%,2026-08-31,https://www.samsungfund.com/etf/product/view.do?id=2ETF06,기아,KRX:000270,연결,기준일 확인
ETF구성,Equity,Consumer Discretionary,Automobiles & Mobility,161390,,KR,,,,091180,4,12.6%,2026-08-31,https://www.samsungfund.com/etf/product/view.do?id=2ETF06,한국타이어앤테크놀로지,KRX:161390,연결,기준일 확인
ETF구성,Equity,Consumer Discretionary,Auto Parts / ADAS,204320,,KR,,,,091180,5,4.3%,2026-08-31,https://www.samsungfund.com/etf/product/view.do?id=2ETF06,HL만도,KRX:204320,연결,기준일 확인
ETF구성,Equity,Consumer Discretionary,Automobiles & Mobility,018880,,KR,,,,091180,6,3.2%,2026-08-31,https://www.samsungfund.com/etf/product/view.do?id=2ETF06,한온시스템,KRX:018880,연결,기준일 확인
ETF구성,Equity,Consumer Discretionary,Automobiles & Mobility,007340,,KR,,,,091180,7,2.6%,2026-08-31,https://www.samsungfund.com/etf/product/view.do?id=2ETF06,DN오토모티브,KRX:007340,연결,기준일 확인
ETF구성,Equity,Consumer Discretionary,Automobiles & Mobility,011210,,KR,,,,091180,8,2.4%,2026-08-31,https://www.samsungfund.com/etf/product/view.do?id=2ETF06,현대위아,KRX:011210,연결,기준일 확인
ETF구성,Equity,Consumer Discretionary,Automobiles & Mobility,005850,,KR,,,,091180,9,2.2%,2026-08-31,https://www.samsungfund.com/etf/product/view.do?id=2ETF06,에스엘,KRX:005850,연결,기준일 확인
ETF구성,Equity,Consumer Discretionary,Automobiles & Mobility,073240,,KR,,,,091180,10,2.2%,2026-08-31,https://www.samsungfund.com/etf/product/view.do?id=2ETF06,금호타이어,KRX:073240,연결,기준일 확인
ETF구성,Equity,Financials,Insurance,005830,,KR,,,,0052D0,1,5.1%,2026-09-01,https://investments.miraeasset.com/tigeretf/ko/product/search/detail/index.do?ksdFund=KR70052D0006,DB손해보험,KRX:005830,연결,기준일 확인
ETF구성,Equity,Financials,Banks,175330,,KR,,,,0052D0,2,4.9%,2026-09-01,https://investments.miraeasset.com/tigeretf/ko/product/search/detail/index.do?ksdFund=KR70052D0006,JB금융지주,KRX:175330,연결,기준일 확인
ETF구성,Equity,Financials,Financial Holding / Banks,086790,,KR,,,,0052D0,3,4.8%,2026-09-01,https://investments.miraeasset.com/tigeretf/ko/product/search/detail/index.do?ksdFund=KR70052D0006,하나금융지주,KRX:086790,연결,기준일 확인
ETF구성,Equity,Financials,Financial Holding / Banks,316140,,KR,,,,0052D0,4,4.6%,2026-09-01,https://investments.miraeasset.com/tigeretf/ko/product/search/detail/index.do?ksdFund=KR70052D0006,우리금융지주,KRX:316140,연결,기준일 확인
ETF구성,Equity,Consumer Discretionary,Consumer Discretionary,081660,,KR,,,,0052D0,5,4.3%,2026-09-01,https://investments.miraeasset.com/tigeretf/ko/product/search/detail/index.do?ksdFund=KR70052D0006,미스토홀딩스,KRX:081660,연결,기준일 확인
ETF구성,Equity,Financials,Insurance,000810,,KR,,,,0052D0,6,4.3%,2026-09-01,https://investments.miraeasset.com/tigeretf/ko/product/search/detail/index.do?ksdFund=KR70052D0006,삼성화재,KRX:000810,연결,기준일 확인
ETF구성,Equity,Industrials,Commercial Services,012750,,KR,,,,0052D0,7,4.2%,2026-09-01,https://investments.miraeasset.com/tigeretf/ko/product/search/detail/index.do?ksdFund=KR70052D0006,에스원,KRX:012750,연결,기준일 확인
ETF구성,Equity,Financials,Banks,024110,,KR,,,,0052D0,8,4.2%,2026-09-01,https://investments.miraeasset.com/tigeretf/ko/product/search/detail/index.do?ksdFund=KR70052D0006,기업은행,KRX:024110,연결,기준일 확인
ETF구성,Equity,Communication Services,Media & Communication,030000,,KR,,,,0052D0,9,4.0%,2026-09-01,https://investments.miraeasset.com/tigeretf/ko/product/search/detail/index.do?ksdFund=KR70052D0006,제일기획,KRX:030000,연결,기준일 확인
ETF구성,Equity,Industrials,Machinery,017800,,KR,,,,0052D0,10,4.0%,2026-09-01,https://investments.miraeasset.com/tigeretf/ko/product/search/detail/index.do?ksdFund=KR70052D0006,현대엘리베이터,KRX:017800,연결,기준일 확인
ETF구성,Equity,Information Technology,Technology Hardware,1810 HK EQUITY,,US,,,,0067V0,1,23.6%,2026-09-01,https://investments.miraeasset.com/tigeretf/ko/product/search/detail/index.do?ksdFund=KR70067V0007,Xiaomi Corp,,시세 없음,기준일 확인
ETF구성,Equity,Consumer Discretionary,Automobiles,002594 C2 EQUITY,,US,,,,0067V0,2,22.8%,2026-09-01,https://investments.miraeasset.com/tigeretf/ko/product/search/detail/index.do?ksdFund=KR70067V0007,BYD Co Ltd,,시세 없음,기준일 확인
ETF구성,Equity,Industrials,Battery Cells,300750 C2 EQUITY,,US,,,,0067V0,3,21.0%,2026-09-01,https://investments.miraeasset.com/tigeretf/ko/product/search/detail/index.do?ksdFund=KR70067V0007,Contemporary Amperex Technology Co Ltd,,시세 없음,기준일 확인
ETF구성,Equity,Health Care,Biotechnology,6160 HK EQUITY,,US,,,,0067V0,4,7.5%,2026-09-01,https://investments.miraeasset.com/tigeretf/ko/product/search/detail/index.do?ksdFund=KR70067V0007,BeOne Medicines Ltd,,시세 없음,기준일 확인
ETF구성,Equity,Consumer Discretionary,Household Durables,000651 C2 EQUITY,,US,,,,0067V0,5,6.2%,2026-09-01,https://investments.miraeasset.com/tigeretf/ko/product/search/detail/index.do?ksdFund=KR70067V0007,Gree Electric Appliances Inc of Zhuhai,,시세 없음,기준일 확인
ETF구성,Equity,Industrials,Building Products,002050 C2 EQUITY,,US,,,,0067V0,6,5.2%,2026-09-01,https://investments.miraeasset.com/tigeretf/ko/product/search/detail/index.do?ksdFund=KR70067V0007,Zhejiang Sanhua Intelligent Controls Co Ltd,,시세 없음,기준일 확인
ETF구성,Equity,Information Technology,Semiconductors,688008 C1 EQUITY,,US,,,,0067V0,7,4.6%,2026-09-01,https://investments.miraeasset.com/tigeretf/ko/product/search/detail/index.do?ksdFund=KR70067V0007,Montage Technology Co Ltd,,시세 없음,기준일 확인
ETF구성,Equity,Information Technology,Technology Hardware,301308 C2 EQUITY,,US,,,,0067V0,8,3.7%,2026-09-01,https://investments.miraeasset.com/tigeretf/ko/product/search/detail/index.do?ksdFund=KR70067V0007,Shenzhen Longsys Electronics Co Ltd,,시세 없음,기준일 확인
ETF구성,Equity,Information Technology,Semiconductors,603986 C1 EQUITY,,US,,,,0067V0,9,3.7%,2026-09-01,https://investments.miraeasset.com/tigeretf/ko/product/search/detail/index.do?ksdFund=KR70067V0007,GigaDevice Semiconductor Inc,,시세 없음,기준일 확인
ETF구성,Equity,Information Technology,Technology Hardware,688525 C1 EQUITY,,US,,,,0067V0,10,3.4%,2026-09-01,https://investments.miraeasset.com/tigeretf/ko/product/search/detail/index.do?ksdFund=KR70067V0007,Biwin Storage Technology Co Ltd,,시세 없음,기준일 확인
ETF구성,Equity,Information Technology,Software,2513 HK EQUITY,,US,,,,0067Y0,1,12.7%,2026-09-01,https://investments.miraeasset.com/tigeretf/ko/product/search/detail/index.do?ksdFund=KR70067Y0004,Z AI Co Ltd,,시세 없음,기준일 확인
ETF구성,Equity,Information Technology,Software,700 HK EQUITY,,US,,,,0067Y0,2,12.1%,2026-09-01,https://investments.miraeasset.com/tigeretf/ko/product/search/detail/index.do?ksdFund=KR70067Y0004,Tencent Holdings Ltd,,시세 없음,기준일 확인
ETF구성,Equity,Information Technology,Software,688111 C1 EQUITY,,US,,,,0067Y0,3,11.7%,2026-09-01,https://investments.miraeasset.com/tigeretf/ko/product/search/detail/index.do?ksdFund=KR70067Y0004,Beijing Kingsoft Office Software Inc,,시세 없음,기준일 확인
ETF구성,Equity,Information Technology,Software,9988 HK EQUITY,,US,,,,0067Y0,4,10.4%,2026-09-01,https://investments.miraeasset.com/tigeretf/ko/product/search/detail/index.do?ksdFund=KR70067Y0004,Alibaba Group Holding Ltd,,시세 없음,기준일 확인
ETF구성,Equity,Information Technology,Software,688777 C1 EQUITY,,US,,,,0067Y0,5,9.8%,2026-09-01,https://investments.miraeasset.com/tigeretf/ko/product/search/detail/index.do?ksdFund=KR70067Y0004,SUPCON Technology Co Ltd,,시세 없음,기준일 확인
ETF구성,Equity,Information Technology,Software,20 HK EQUITY,,US,,,,0067Y0,6,7.8%,2026-09-01,https://investments.miraeasset.com/tigeretf/ko/product/search/detail/index.do?ksdFund=KR70067Y0004,SenseTime Group Inc,,시세 없음,기준일 확인
ETF구성,Equity,Information Technology,Software,300418 C2 EQUITY,,US,,,,0067Y0,7,7.3%,2026-09-01,https://investments.miraeasset.com/tigeretf/ko/product/search/detail/index.do?ksdFund=KR70067Y0004,Kunlun Tech Co Ltd,,시세 없음,기준일 확인
ETF구성,Equity,Information Technology,Software,300454 C2 EQUITY,,US,,,,0067Y0,8,7.2%,2026-09-01,https://investments.miraeasset.com/tigeretf/ko/product/search/detail/index.do?ksdFund=KR70067Y0004,Sangfor Technologies Inc,,시세 없음,기준일 확인
ETF구성,Equity,Information Technology,Software,002261 C2 EQUITY,,US,,,,0067Y0,9,4.6%,2026-09-01,https://investments.miraeasset.com/tigeretf/ko/product/search/detail/index.do?ksdFund=KR70067Y0004,Talkweb Information System Co Ltd,,시세 없음,기준일 확인
ETF구성,Equity,Information Technology,Software,100 HK EQUITY,,US,,,,0067Y0,10,4.5%,2026-09-01,https://investments.miraeasset.com/tigeretf/ko/product/search/detail/index.do?ksdFund=KR70067Y0004,Minimax Group Inc,,시세 없음,기준일 확인
ETF구성,Equity,Financials,Securities,300033 C2 EQUITY,,US,,,,000133,1,10.6%,2026-09-01,https://investments.miraeasset.com/tigeretf/ko/product/search/detail/index.do?ksdFund=KR70133E0008,Hithink RoyalFlush Information Network Co Ltd,,시세 없음,기준일 확인
ETF구성,Equity,Financials,Securities,1776 HK EQUITY,,US,,,,000133,2,9.9%,2026-09-01,https://investments.miraeasset.com/tigeretf/ko/product/search/detail/index.do?ksdFund=KR70133E0008,GF Securities Co Ltd,,시세 없음,기준일 확인
ETF구성,Equity,Financials,Securities,300059 C2 EQUITY,,US,,,,000133,3,9.9%,2026-09-01,https://investments.miraeasset.com/tigeretf/ko/product/search/detail/index.do?ksdFund=KR70133E0008,East Money Information Co Ltd,,시세 없음,기준일 확인
ETF구성,Equity,Financials,Securities,6030 HK EQUITY,,US,,,,000133,4,9.7%,2026-09-01,https://investments.miraeasset.com/tigeretf/ko/product/search/detail/index.do?ksdFund=KR70133E0008,CITIC Securities Co Ltd,,시세 없음,기준일 확인
ETF구성,Equity,Financials,Securities,3908 HK EQUITY,,US,,,,000133,5,9.0%,2026-09-01,https://investments.miraeasset.com/tigeretf/ko/product/search/detail/index.do?ksdFund=KR70133E0008,China International Capital Corp Ltd,,시세 없음,기준일 확인
ETF구성,Equity,Financials,Securities,2611 HK EQUITY,,US,,,,000133,6,8.4%,2026-09-01,https://investments.miraeasset.com/tigeretf/ko/product/search/detail/index.do?ksdFund=KR70133E0008,Guotai Haitong Securities Co Ltd,,시세 없음,기준일 확인
ETF구성,Equity,Financials,Securities,6066 HK EQUITY,,US,,,,000133,7,8.0%,2026-09-01,https://investments.miraeasset.com/tigeretf/ko/product/search/detail/index.do?ksdFund=KR70133E0008,CSC Financial Co Ltd,,시세 없음,기준일 확인
ETF구성,Equity,Financials,Securities,6099 HK EQUITY,,US,,,,000133,8,8.0%,2026-09-01,https://investments.miraeasset.com/tigeretf/ko/product/search/detail/index.do?ksdFund=KR70133E0008,China Merchants Securities Co Ltd,,시세 없음,기준일 확인
ETF구성,Equity,Financials,Securities,6886 HK EQUITY,,US,,,,000133,9,7.9%,2026-09-01,https://investments.miraeasset.com/tigeretf/ko/product/search/detail/index.do?ksdFund=KR70133E0008,Huatai Securities Co Ltd,,시세 없음,기준일 확인
ETF구성,Equity,Financials,Securities,6881 HK EQUITY,,US,,,,000133,10,6.6%,2026-09-01,https://investments.miraeasset.com/tigeretf/ko/product/search/detail/index.do?ksdFund=KR70133E0008,China Galaxy Securities Co Ltd,,시세 없음,기준일 확인
ETF구성,Equity,Industrials,Construction,028260,,KR,,,,139220,1,24.8%,2026-09-01,https://investments.miraeasset.com/tigeretf/ko/product/search/detail/index.do?ksdFund=KR7139220008,삼성물산,KRX:028260,연결,기준일 확인
ETF구성,Equity,Industrials,Construction,028050,,KR,,,,139220,2,22.5%,2026-09-01,https://investments.miraeasset.com/tigeretf/ko/product/search/detail/index.do?ksdFund=KR7139220008,삼성E&A,KRX:028050,연결,기준일 확인
ETF구성,Equity,Industrials,Construction,000720,,KR,,,,139220,3,16.8%,2026-09-01,https://investments.miraeasset.com/tigeretf/ko/product/search/detail/index.do?ksdFund=KR7139220008,현대건설,KRX:000720,연결,기준일 확인
ETF구성,Equity,Industrials,Construction,047040,,KR,,,,139220,4,10.9%,2026-09-01,https://investments.miraeasset.com/tigeretf/ko/product/search/detail/index.do?ksdFund=KR7139220008,대우건설,KRX:047040,연결,기준일 확인
ETF구성,Equity,Industrials,Construction,052690,,KR,,,,139220,5,6.6%,2026-09-01,https://investments.miraeasset.com/tigeretf/ko/product/search/detail/index.do?ksdFund=KR7139220008,한전기술,KRX:052690,연결,기준일 확인
ETF구성,Equity,Industrials,Construction,375500,,KR,,,,139220,6,6.5%,2026-09-01,https://investments.miraeasset.com/tigeretf/ko/product/search/detail/index.do?ksdFund=KR7139220008,DL이앤씨,KRX:375500,연결,기준일 확인
ETF구성,Equity,Materials,Chemicals & Energy Materials,002380,,KR,,,,139220,7,5.8%,2026-09-01,https://investments.miraeasset.com/tigeretf/ko/product/search/detail/index.do?ksdFund=KR7139220008,KCC,KRX:002380,연결,기준일 확인
ETF구성,Equity,Industrials,Construction,051600,,KR,,,,139220,8,3.1%,2026-09-01,https://investments.miraeasset.com/tigeretf/ko/product/search/detail/index.do?ksdFund=KR7139220008,한전KPS,KRX:051600,연결,기준일 확인
ETF구성,Equity,Industrials,Construction,000210,,KR,,,,139220,9,1.7%,2026-09-01,https://investments.miraeasset.com/tigeretf/ko/product/search/detail/index.do?ksdFund=KR7139220008,DL,KRX:000210,연결,기준일 확인
ETF구성,Equity,Industrials,Construction,300720,,KR,,,,139220,10,1.1%,2026-09-01,https://investments.miraeasset.com/tigeretf/ko/product/search/detail/index.do?ksdFund=KR7139220008,한일시멘트,KRX:300720,연결,기준일 확인
ETF구성,Equity,Industrials,Machinery,034020,,KR,,,,139230,1,19.5%,2026-09-01,https://investments.miraeasset.com/tigeretf/ko/product/search/detail/index.do?ksdFund=KR7139230007,두산에너빌리티,KRX:034020,연결,기준일 확인
ETF구성,Equity,Industrials,Electrical Equipment,267260,,KR,,,,139230,2,11.2%,2026-09-01,https://investments.miraeasset.com/tigeretf/ko/product/search/detail/index.do?ksdFund=KR7139230007,HD현대일렉트릭,KRX:267260,연결,기준일 확인
ETF구성,Equity,Industrials,Shipbuilding,009540,,KR,,,,139230,3,10.3%,2026-09-01,https://investments.miraeasset.com/tigeretf/ko/product/search/detail/index.do?ksdFund=KR7139230007,HD한국조선해양,KRX:009540,연결,기준일 확인
ETF구성,Equity,Industrials,Shipbuilding,329180,,KR,,,,139230,4,9.3%,2026-09-01,https://investments.miraeasset.com/tigeretf/ko/product/search/detail/index.do?ksdFund=KR7139230007,HD현대중공업,KRX:329180,연결,기준일 확인
ETF구성,Equity,Industrials,Electrical Equipment,298040,,KR,,,,139230,5,9.0%,2026-09-01,https://investments.miraeasset.com/tigeretf/ko/product/search/detail/index.do?ksdFund=KR7139230007,효성중공업,KRX:298040,연결,기준일 확인
ETF구성,Equity,Industrials,Shipbuilding,010140,,KR,,,,139230,6,8.8%,2026-09-01,https://investments.miraeasset.com/tigeretf/ko/product/search/detail/index.do?ksdFund=KR7139230007,삼성중공업,KRX:010140,연결,기준일 확인
ETF구성,Equity,Industrials,Shipbuilding,042660,,KR,,,,139230,7,7.3%,2026-09-01,https://investments.miraeasset.com/tigeretf/ko/product/search/detail/index.do?ksdFund=KR7139230007,한화오션,KRX:042660,연결,기준일 확인
ETF구성,Equity,Industrials,Defense Vehicles / Rail,064350,,KR,,,,139230,8,6.3%,2026-09-01,https://investments.miraeasset.com/tigeretf/ko/product/search/detail/index.do?ksdFund=KR7139230007,현대로템,KRX:064350,연결,기준일 확인
ETF구성,Equity,Industrials,Heavy Industry,000150,,KR,,,,139230,9,5.7%,2026-09-01,https://investments.miraeasset.com/tigeretf/ko/product/search/detail/index.do?ksdFund=KR7139230007,두산,KRX:000150,연결,기준일 확인
ETF구성,Equity,Industrials,Heavy Industry,267270,,KR,,,,139230,10,2.4%,2026-09-01,https://investments.miraeasset.com/tigeretf/ko/product/search/detail/index.do?ksdFund=KR7139230007,HD건설기계,KRX:267270,연결,기준일 확인
ETF구성,Equity,Materials,Steel,005490,,KR,,,,139240,1,21.4%,2026-09-01,https://investments.miraeasset.com/tigeretf/ko/product/search/detail/index.do?ksdFund=KR7139240006,POSCO홀딩스,KRX:005490,연결,기준일 확인
ETF구성,Equity,Materials,Steel,010130,,KR,,,,139240,2,20.3%,2026-09-01,https://investments.miraeasset.com/tigeretf/ko/product/search/detail/index.do?ksdFund=KR7139240006,고려아연,KRX:010130,연결,기준일 확인
ETF구성,Equity,Materials,Steel,004020,,KR,,,,139240,3,19.7%,2026-09-01,https://investments.miraeasset.com/tigeretf/ko/product/search/detail/index.do?ksdFund=KR7139240006,현대제철,KRX:004020,연결,기준일 확인
ETF구성,Equity,Materials,Steel,103140,,KR,,,,139240,4,19.2%,2026-09-01,https://investments.miraeasset.com/tigeretf/ko/product/search/detail/index.do?ksdFund=KR7139240006,풍산,KRX:103140,연결,기준일 확인
ETF구성,Equity,Materials,Steel,001430,,KR,,,,139240,5,7.0%,2026-09-01,https://investments.miraeasset.com/tigeretf/ko/product/search/detail/index.do?ksdFund=KR7139240006,세아베스틸지주,KRX:001430,연결,기준일 확인
ETF구성,Equity,Materials,Steel,000670,,KR,,,,139240,6,2.7%,2026-09-01,https://investments.miraeasset.com/tigeretf/ko/product/search/detail/index.do?ksdFund=KR7139240006,영풍,KRX:000670,연결,기준일 확인
ETF구성,Equity,Materials,Steel,008730,,KR,,,,139240,7,2.5%,2026-09-01,https://investments.miraeasset.com/tigeretf/ko/product/search/detail/index.do?ksdFund=KR7139240006,율촌화학,KRX:008730,연결,기준일 확인
ETF구성,Equity,Materials,Steel,002030,,KR,,,,139240,8,2.4%,2026-09-01,https://investments.miraeasset.com/tigeretf/ko/product/search/detail/index.do?ksdFund=KR7139240006,아세아,KRX:002030,연결,기준일 확인
ETF구성,Equity,Materials,Steel,003030,,KR,,,,139240,9,1.9%,2026-09-01,https://investments.miraeasset.com/tigeretf/ko/product/search/detail/index.do?ksdFund=KR7139240006,세아제강지주,KRX:003030,연결,기준일 확인
ETF구성,Equity,Materials,Steel,014820,,KR,,,,139240,10,1.8%,2026-09-01,https://investments.miraeasset.com/tigeretf/ko/product/search/detail/index.do?ksdFund=KR7139240006,동원시스템즈,KRX:014820,연결,기준일 확인
ETF구성,Equity,Materials,Chemicals & Energy Materials,034730,,KR,,,,139250,1,21.0%,2026-09-01,https://investments.miraeasset.com/tigeretf/ko/product/search/detail/index.do?ksdFund=KR7139250005,SK,KRX:034730,연결,기준일 확인
ETF구성,Equity,Materials,Chemicals & Energy Materials,051910,,KR,,,,139250,2,14.0%,2026-09-01,https://investments.miraeasset.com/tigeretf/ko/product/search/detail/index.do?ksdFund=KR7139250005,LG화학,KRX:051910,연결,기준일 확인
ETF구성,Equity,Materials,Chemicals & Energy Materials,267250,,KR,,,,139250,3,10.7%,2026-09-01,https://investments.miraeasset.com/tigeretf/ko/product/search/detail/index.do?ksdFund=KR7139250005,HD현대,KRX:267250,연결,기준일 확인
ETF구성,Equity,Materials,Chemicals & Energy Materials,096770,,KR,,,,139250,4,10.1%,2026-09-01,https://investments.miraeasset.com/tigeretf/ko/product/search/detail/index.do?ksdFund=KR7139250005,SK이노베이션,KRX:096770,연결,기준일 확인
ETF구성,Equity,Materials,Chemicals & Energy Materials,010950,,KR,,,,139250,5,6.8%,2026-09-01,https://investments.miraeasset.com/tigeretf/ko/product/search/detail/index.do?ksdFund=KR7139250005,S-Oil,KRX:010950,연결,기준일 확인
ETF구성,Equity,Materials,Chemicals & Energy Materials,078930,,KR,,,,139250,6,6.2%,2026-09-01,https://investments.miraeasset.com/tigeretf/ko/product/search/detail/index.do?ksdFund=KR7139250005,GS,KRX:078930,연결,기준일 확인
ETF구성,Equity,Materials,Chemicals & Energy Materials,009830,,KR,,,,139250,7,5.2%,2026-09-01,https://investments.miraeasset.com/tigeretf/ko/product/search/detail/index.do?ksdFund=KR7139250005,한화솔루션,KRX:009830,연결,기준일 확인
ETF구성,Equity,Materials,Chemicals & Energy Materials,010060,,KR,,,,139250,8,4.0%,2026-09-01,https://investments.miraeasset.com/tigeretf/ko/product/search/detail/index.do?ksdFund=KR7139250005,OCI홀딩스,KRX:010060,연결,기준일 확인
ETF구성,Equity,Materials,Chemicals & Energy Materials,000880,,KR,,,,139250,9,3.8%,2026-09-01,https://investments.miraeasset.com/tigeretf/ko/product/search/detail/index.do?ksdFund=KR7139250005,한화,KRX:000880,연결,기준일 확인
ETF구성,Equity,Materials,Chemicals & Energy Materials,011790,,KR,,,,139250,10,2.5%,2026-09-01,https://investments.miraeasset.com/tigeretf/ko/product/search/detail/index.do?ksdFund=KR7139250005,SKC,KRX:011790,연결,기준일 확인
ETF구성,Equity,Information Technology,Memory Semiconductors,000660,,KR,,,,139260,1,20.5%,2026-09-01,https://investments.miraeasset.com/tigeretf/ko/product/search/detail/index.do?ksdFund=KR7139260004,SK하이닉스,KRX:000660,연결,기준일 확인
ETF구성,Equity,Information Technology,Information Technology,402340,,KR,,,,139260,2,20.1%,2026-09-01,https://investments.miraeasset.com/tigeretf/ko/product/search/detail/index.do?ksdFund=KR7139260004,SK스퀘어,KRX:402340,연결,기준일 확인
ETF구성,Equity,Information Technology,Semiconductors,005930,,KR,,,,139260,3,17.6%,2026-09-01,https://investments.miraeasset.com/tigeretf/ko/product/search/detail/index.do?ksdFund=KR7139260004,삼성전자,KRX:005930,연결,기준일 확인
ETF구성,Equity,Information Technology,Information Technology,009150,,KR,,,,139260,4,17.1%,2026-09-01,https://investments.miraeasset.com/tigeretf/ko/product/search/detail/index.do?ksdFund=KR7139260004,삼성전기,KRX:009150,연결,기준일 확인
ETF구성,Equity,Information Technology,Information Technology,006400,,KR,,,,139260,5,7.4%,2026-09-01,https://investments.miraeasset.com/tigeretf/ko/product/search/detail/index.do?ksdFund=KR7139260004,삼성SDI,KRX:006400,연결,기준일 확인
ETF구성,Equity,Information Technology,Information Technology,066570,,KR,,,,139260,6,5.0%,2026-09-01,https://investments.miraeasset.com/tigeretf/ko/product/search/detail/index.do?ksdFund=KR7139260004,LG전자,KRX:066570,연결,기준일 확인
ETF구성,Equity,Information Technology,Information Technology,003550,,KR,,,,139260,7,2.3%,2026-09-01,https://investments.miraeasset.com/tigeretf/ko/product/search/detail/index.do?ksdFund=KR7139260004,LG,KRX:003550,연결,기준일 확인
ETF구성,Equity,Information Technology,Semiconductor Equipment,042700,,KR,,,,139260,8,2.0%,2026-09-01,https://investments.miraeasset.com/tigeretf/ko/product/search/detail/index.do?ksdFund=KR7139260004,한미반도체,KRX:042700,연결,기준일 확인
ETF구성,Equity,Information Technology,Information Technology,011070,,KR,,,,139260,9,1.9%,2026-09-01,https://investments.miraeasset.com/tigeretf/ko/product/search/detail/index.do?ksdFund=KR7139260004,LG이노텍,KRX:011070,연결,기준일 확인
ETF구성,Equity,Information Technology,Software,018260,,KR,,,,139260,10,1.9%,2026-09-01,https://investments.miraeasset.com/tigeretf/ko/product/search/detail/index.do?ksdFund=KR7139260004,삼성에스디에스,KRX:018260,연결,기준일 확인
ETF구성,Equity,Financials,Financial Holding / Banks,105560,,KR,,,,139270,1,18.8%,2026-09-01,https://investments.miraeasset.com/tigeretf/ko/product/search/detail/index.do?ksdFund=KR7139270003,KB금융,KRX:105560,연결,기준일 확인
ETF구성,Equity,Financials,Financial Holding / Banks,055550,,KR,,,,139270,2,16.0%,2026-09-01,https://investments.miraeasset.com/tigeretf/ko/product/search/detail/index.do?ksdFund=KR7139270003,신한지주,KRX:055550,연결,기준일 확인
ETF구성,Equity,Financials,Financial Holding / Banks,086790,,KR,,,,139270,3,12.1%,2026-09-01,https://investments.miraeasset.com/tigeretf/ko/product/search/detail/index.do?ksdFund=KR7139270003,하나금융지주,KRX:086790,연결,기준일 확인
ETF구성,Equity,Financials,Insurance,032830,,KR,,,,139270,4,9.3%,2026-09-01,https://investments.miraeasset.com/tigeretf/ko/product/search/detail/index.do?ksdFund=KR7139270003,삼성생명,KRX:032830,연결,기준일 확인
ETF구성,Equity,Financials,Financial Holding / Banks,316140,,KR,,,,139270,5,8.1%,2026-09-01,https://investments.miraeasset.com/tigeretf/ko/product/search/detail/index.do?ksdFund=KR7139270003,우리금융지주,KRX:316140,연결,기준일 확인
ETF구성,Equity,Financials,Insurance,000810,,KR,,,,139270,6,7.0%,2026-09-01,https://investments.miraeasset.com/tigeretf/ko/product/search/detail/index.do?ksdFund=KR7139270003,삼성화재,KRX:000810,연결,기준일 확인
ETF구성,Equity,Financials,Securities,006800,,KR,,,,139270,7,3.4%,2026-09-01,https://investments.miraeasset.com/tigeretf/ko/product/search/detail/index.do?ksdFund=KR7139270003,미래에셋증권,KRX:006800,연결,기준일 확인
ETF구성,Equity,Financials,Financial Services,138040,,KR,,,,139270,8,3.3%,2026-09-01,https://investments.miraeasset.com/tigeretf/ko/product/search/detail/index.do?ksdFund=KR7139270003,메리츠금융지주,KRX:138040,연결,기준일 확인
ETF구성,Equity,Financials,Securities,071050,,KR,,,,139270,9,2.8%,2026-09-01,https://investments.miraeasset.com/tigeretf/ko/product/search/detail/index.do?ksdFund=KR7139270003,한국금융지주,KRX:071050,연결,기준일 확인
ETF구성,Equity,Financials,Banks,323410,,KR,,,,139270,10,2.7%,2026-09-01,https://investments.miraeasset.com/tigeretf/ko/product/search/detail/index.do?ksdFund=KR7139270003,카카오뱅크,KRX:323410,연결,기준일 확인
ETF구성,Equity,Health Care,Biopharma,068270,,KR,,,,139280,1,16.5%,2026-09-01,https://investments.miraeasset.com/tigeretf/ko/product/search/detail/index.do?ksdFund=KR7139280002,셀트리온,KRX:068270,연결,기준일 확인
ETF구성,Equity,Consumer Staples,Defensive Consumer,033780,,KR,,,,139280,2,9.3%,2026-09-01,https://investments.miraeasset.com/tigeretf/ko/product/search/detail/index.do?ksdFund=KR7139280002,KT&G,KRX:033780,연결,기준일 확인
ETF구성,Equity,Health Care,Biologics CDMO,207940,,KR,,,,139280,3,9.2%,2026-09-01,https://investments.miraeasset.com/tigeretf/ko/product/search/detail/index.do?ksdFund=KR7139280002,삼성바이오로직스,KRX:207940,연결,기준일 확인
ETF구성,Equity,Consumer Staples,Defensive Consumer,017670,,KR,,,,139280,4,8.2%,2026-09-01,https://investments.miraeasset.com/tigeretf/ko/product/search/detail/index.do?ksdFund=KR7139280002,SK텔레콤,KRX:017670,연결,기준일 확인
ETF구성,Equity,Consumer Staples,Defensive Consumer,030200,,KR,,,,139280,5,6.9%,2026-09-01,https://investments.miraeasset.com/tigeretf/ko/product/search/detail/index.do?ksdFund=KR7139280002,KT,KRX:030200,연결,기준일 확인
ETF구성,Equity,Consumer Staples,Cosmetics,278470,,KR,,,,139280,6,6.7%,2026-09-01,https://investments.miraeasset.com/tigeretf/ko/product/search/detail/index.do?ksdFund=KR7139280002,에이피알,KRX:278470,연결,기준일 확인
ETF구성,Equity,Consumer Staples,Defensive Consumer,015760,,KR,,,,139280,7,5.9%,2026-09-01,https://investments.miraeasset.com/tigeretf/ko/product/search/detail/index.do?ksdFund=KR7139280002,한국전력,KRX:015760,연결,기준일 확인
ETF구성,Equity,Consumer Staples,Defensive Consumer,003230,,KR,,,,139280,8,3.5%,2026-09-01,https://investments.miraeasset.com/tigeretf/ko/product/search/detail/index.do?ksdFund=KR7139280002,삼양식품,KRX:003230,연결,기준일 확인
ETF구성,Equity,Consumer Staples,Defensive Consumer,000100,,KR,,,,139280,9,2.9%,2026-09-01,https://investments.miraeasset.com/tigeretf/ko/product/search/detail/index.do?ksdFund=KR7139280002,유한양행,KRX:000100,연결,기준일 확인
ETF구성,Equity,Consumer Staples,Cosmetics,090430,,KR,,,,139280,10,2.7%,2026-09-01,https://investments.miraeasset.com/tigeretf/ko/product/search/detail/index.do?ksdFund=KR7139280002,아모레퍼시픽,KRX:090430,연결,기준일 확인
ETF구성,Equity,Consumer Discretionary,Auto Parts / Mobility,012330,,KR,,,,139290,1,21.2%,2026-09-01,https://investments.miraeasset.com/tigeretf/ko/product/search/detail/index.do?ksdFund=KR7139290001,현대모비스,KRX:012330,연결,기준일 확인
ETF구성,Equity,Consumer Discretionary,Automobiles,000270,,KR,,,,139290,2,17.8%,2026-09-01,https://investments.miraeasset.com/tigeretf/ko/product/search/detail/index.do?ksdFund=KR7139290001,기아,KRX:000270,연결,기준일 확인
ETF구성,Equity,Consumer Discretionary,Automobiles,005380,,KR,,,,139290,3,15.9%,2026-09-01,https://investments.miraeasset.com/tigeretf/ko/product/search/detail/index.do?ksdFund=KR7139290001,현대차,KRX:005380,연결,기준일 확인
ETF구성,Equity,Consumer Discretionary,Consumer Discretionary,180640,,KR,,,,139290,4,7.4%,2026-09-01,https://investments.miraeasset.com/tigeretf/ko/product/search/detail/index.do?ksdFund=KR7139290001,한진칼,KRX:180640,연결,기준일 확인
ETF구성,Equity,Consumer Discretionary,Consumer Discretionary,021240,,KR,,,,139290,5,6.2%,2026-09-01,https://investments.miraeasset.com/tigeretf/ko/product/search/detail/index.do?ksdFund=KR7139290001,코웨이,KRX:021240,연결,기준일 확인
ETF구성,Equity,Consumer Discretionary,Automobiles & Mobility,161390,,KR,,,,139290,6,5.7%,2026-09-01,https://investments.miraeasset.com/tigeretf/ko/product/search/detail/index.do?ksdFund=KR7139290001,한국타이어앤테크놀로지,KRX:161390,연결,기준일 확인
ETF구성,Equity,Consumer Discretionary,Consumer Discretionary,004170,,KR,,,,139290,7,3.1%,2026-09-01,https://investments.miraeasset.com/tigeretf/ko/product/search/detail/index.do?ksdFund=KR7139290001,신세계,KRX:004170,연결,기준일 확인
ETF구성,Equity,Consumer Discretionary,Auto Parts / ADAS,204320,,KR,,,,139290,8,2.0%,2026-09-01,https://investments.miraeasset.com/tigeretf/ko/product/search/detail/index.do?ksdFund=KR7139290001,HL만도,KRX:204320,연결,기준일 확인
ETF구성,Equity,Consumer Discretionary,Consumer Discretionary,035250,,KR,,,,139290,9,2.0%,2026-09-01,https://investments.miraeasset.com/tigeretf/ko/product/search/detail/index.do?ksdFund=KR7139290001,강원랜드,KRX:035250,연결,기준일 확인
ETF구성,Equity,Consumer Discretionary,Consumer Discretionary,111770,,KR,,,,139290,10,1.9%,2026-09-01,https://investments.miraeasset.com/tigeretf/ko/product/search/detail/index.do?ksdFund=KR7139290001,영원무역,KRX:111770,연결,기준일 확인
ETF구성,Equity,Health Care,Biopharma,068270,,KR,,,,143860,1,22.6%,2026-09-01,https://investments.miraeasset.com/tigeretf/ko/product/search/detail/index.do?ksdFund=KR7143860005,셀트리온,KRX:068270,연결,기준일 확인
ETF구성,Equity,Health Care,Biotechnology / Platform,196170,,KR,,,,143860,2,12.8%,2026-09-01,https://investments.miraeasset.com/tigeretf/ko/product/search/detail/index.do?ksdFund=KR7143860005,알테오젠,KOSDAQ:196170,연결,기준일 확인
ETF구성,Equity,Health Care,Biologics CDMO,207940,,KR,,,,143860,3,12.1%,2026-09-01,https://investments.miraeasset.com/tigeretf/ko/product/search/detail/index.do?ksdFund=KR7143860005,삼성바이오로직스,KRX:207940,연결,기준일 확인
ETF구성,Equity,Health Care,Health Care,000100,,KR,,,,143860,4,3.6%,2026-09-01,https://investments.miraeasset.com/tigeretf/ko/product/search/detail/index.do?ksdFund=KR7143860005,유한양행,KRX:000100,연결,기준일 확인
ETF구성,Equity,Health Care,Biotechnology,028300,,KR,,,,143860,5,3.3%,2026-09-01,https://investments.miraeasset.com/tigeretf/ko/product/search/detail/index.do?ksdFund=KR7143860005,HLB,KOSDAQ:028300,연결,기준일 확인
ETF구성,Equity,Health Care,Biotechnology,087010,,KR,,,,143860,6,3.1%,2026-09-01,https://investments.miraeasset.com/tigeretf/ko/product/search/detail/index.do?ksdFund=KR7143860005,펩트론,KOSDAQ:087010,연결,기준일 확인
ETF구성,Equity,Health Care,Health Care,326030,,KR,,,,143860,7,2.7%,2026-09-01,https://investments.miraeasset.com/tigeretf/ko/product/search/detail/index.do?ksdFund=KR7143860005,SK바이오팜,KRX:326030,연결,기준일 확인
ETF구성,Equity,Health Care,Health Care,128940,,KR,,,,143860,8,2.4%,2026-09-01,https://investments.miraeasset.com/tigeretf/ko/product/search/detail/index.do?ksdFund=KR7143860005,한미약품,KRX:128940,연결,기준일 확인
ETF구성,Equity,Health Care,Biotechnology,298380,,KR,,,,143860,9,2.4%,2026-09-01,https://investments.miraeasset.com/tigeretf/ko/product/search/detail/index.do?ksdFund=KR7143860005,에이비엘바이오,KOSDAQ:298380,연결,기준일 확인
ETF구성,Equity,Consumer Staples,Cosmetics,214450,,KR,,,,143860,10,2.3%,2026-09-01,https://investments.miraeasset.com/tigeretf/ko/product/search/detail/index.do?ksdFund=KR7143860005,파마리서치,KOSDAQ:214450,연결,기준일 확인
ETF구성,Equity,Information Technology,Software,035420,,KR,,,,157490,1,26.3%,2026-09-01,https://investments.miraeasset.com/tigeretf/ko/product/search/detail/index.do?ksdFund=KR7157490004,NAVER,KRX:035420,연결,기준일 확인
ETF구성,Equity,Information Technology,Software,035720,,KR,,,,157490,2,19.2%,2026-09-01,https://investments.miraeasset.com/tigeretf/ko/product/search/detail/index.do?ksdFund=KR7157490004,카카오,KRX:035720,연결,기준일 확인
ETF구성,Equity,Information Technology,Software,018260,,KR,,,,157490,3,14.8%,2026-09-01,https://investments.miraeasset.com/tigeretf/ko/product/search/detail/index.do?ksdFund=KR7157490004,삼성에스디에스,KRX:018260,연결,기준일 확인
ETF구성,Equity,Information Technology,Software,259960,,KR,,,,157490,4,10.0%,2026-09-01,https://investments.miraeasset.com/tigeretf/ko/product/search/detail/index.do?ksdFund=KR7157490004,크래프톤,KRX:259960,연결,기준일 확인
ETF구성,Equity,Information Technology,Software,036570,,KR,,,,157490,5,6.4%,2026-09-01,https://investments.miraeasset.com/tigeretf/ko/product/search/detail/index.do?ksdFund=KR7157490004,NC,KRX:036570,연결,기준일 확인
ETF구성,Equity,Information Technology,Software,064400,,KR,,,,157490,6,6.1%,2026-09-01,https://investments.miraeasset.com/tigeretf/ko/product/search/detail/index.do?ksdFund=KR7157490004,LG씨엔에스,KRX:064400,연결,기준일 확인
ETF구성,Equity,Information Technology,Software,307950,,KR,,,,157490,7,4.2%,2026-09-01,https://investments.miraeasset.com/tigeretf/ko/product/search/detail/index.do?ksdFund=KR7157490004,현대오토에버,KRX:307950,연결,기준일 확인
ETF구성,Equity,Information Technology,Software,263750,,KR,,,,157490,8,1.9%,2026-09-01,https://investments.miraeasset.com/tigeretf/ko/product/search/detail/index.do?ksdFund=KR7157490004,펄어비스,KOSDAQ:263750,연결,기준일 확인
ETF구성,Equity,Information Technology,Software,251270,,KR,,,,157490,9,1.9%,2026-09-01,https://investments.miraeasset.com/tigeretf/ko/product/search/detail/index.do?ksdFund=KR7157490004,넷마블,KRX:251270,연결,기준일 확인
ETF구성,Equity,Information Technology,Software,022100,,KR,,,,157490,10,1.8%,2026-09-01,https://investments.miraeasset.com/tigeretf/ko/product/search/detail/index.do?ksdFund=KR7157490004,포스코DX,KRX:022100,연결,기준일 확인
ETF구성,Equity,Financials,Securities,071050,,KR,,,,157500,1,25.8%,2026-09-01,https://investments.miraeasset.com/tigeretf/ko/product/search/detail/index.do?ksdFund=KR7157500000,한국금융지주,KRX:071050,연결,기준일 확인
ETF구성,Equity,Financials,Securities,006800,,KR,,,,157500,2,21.4%,2026-09-01,https://investments.miraeasset.com/tigeretf/ko/product/search/detail/index.do?ksdFund=KR7157500000,미래에셋증권,KRX:006800,연결,기준일 확인
ETF구성,Equity,Financials,Securities,016360,,KR,,,,157500,3,17.4%,2026-09-01,https://investments.miraeasset.com/tigeretf/ko/product/search/detail/index.do?ksdFund=KR7157500000,삼성증권,KRX:016360,연결,기준일 확인
ETF구성,Equity,Financials,Securities,039490,,KR,,,,157500,4,13.7%,2026-09-01,https://investments.miraeasset.com/tigeretf/ko/product/search/detail/index.do?ksdFund=KR7157500000,키움증권,KRX:039490,연결,기준일 확인
ETF구성,Equity,Financials,Securities,005940,,KR,,,,157500,5,12.7%,2026-09-01,https://investments.miraeasset.com/tigeretf/ko/product/search/detail/index.do?ksdFund=KR7157500000,NH투자증권,KRX:005940,연결,기준일 확인
ETF구성,Equity,Financials,Securities,003540,,KR,,,,157500,6,2.3%,2026-09-01,https://investments.miraeasset.com/tigeretf/ko/product/search/detail/index.do?ksdFund=KR7157500000,대신증권,KRX:003540,연결,기준일 확인
ETF구성,Equity,Financials,Securities,001720,,KR,,,,157500,7,2.1%,2026-09-01,https://investments.miraeasset.com/tigeretf/ko/product/search/detail/index.do?ksdFund=KR7157500000,신영증권,KRX:001720,연결,기준일 확인
ETF구성,Equity,Financials,Securities,003530,,KR,,,,157500,8,1.7%,2026-09-01,https://investments.miraeasset.com/tigeretf/ko/product/search/detail/index.do?ksdFund=KR7157500000,한화투자증권,KRX:003530,연결,기준일 확인
ETF구성,Equity,Financials,Securities,001510,,KR,,,,157500,9,1.5%,2026-09-01,https://investments.miraeasset.com/tigeretf/ko/product/search/detail/index.do?ksdFund=KR7157500000,SK증권,KRX:001510,연결,기준일 확인
ETF구성,Equity,Financials,Securities,003470,,KR,,,,157500,10,1.2%,2026-09-01,https://investments.miraeasset.com/tigeretf/ko/product/search/detail/index.do?ksdFund=KR7157500000,유안타증권,KRX:003470,연결,기준일 확인
ETF구성,Equity,Health Care,Biotechnology,AMGN,,US,,,,203780,1,8.7%,2026-09-01,https://investments.miraeasset.com/tigeretf/ko/product/search/detail/index.do?ksdFund=KR7203780002,Amgen Inc,AMGN,연결,기준일 확인
ETF구성,Equity,Health Care,Biotechnology,VRTX,,US,,,,203780,2,8.2%,2026-09-01,https://investments.miraeasset.com/tigeretf/ko/product/search/detail/index.do?ksdFund=KR7203780002,Vertex Pharmaceuticals Inc,VRTX,연결,기준일 확인
ETF구성,Equity,Health Care,Biotechnology,GILD,,US,,,,203780,3,7.4%,2026-09-01,https://investments.miraeasset.com/tigeretf/ko/product/search/detail/index.do?ksdFund=KR7203780002,Gilead Sciences Inc,GILD,연결,기준일 확인
ETF구성,Equity,Health Care,Biotechnology,REGN,,US,,,,203780,4,5.3%,2026-09-01,https://investments.miraeasset.com/tigeretf/ko/product/search/detail/index.do?ksdFund=KR7203780002,Regeneron Pharmaceuticals Inc,REGN,연결,기준일 확인
ETF구성,Equity,Health Care,Biotechnology,MRNA,,US,,,,203780,5,3.6%,2026-09-01,https://investments.miraeasset.com/tigeretf/ko/product/search/detail/index.do?ksdFund=KR7203780002,Moderna Inc,MRNA,연결,기준일 확인
ETF구성,Equity,Health Care,Biotechnology,RVMD,,US,,,,203780,6,2.9%,2026-09-01,https://investments.miraeasset.com/tigeretf/ko/product/search/detail/index.do?ksdFund=KR7203780002,Revolution Medicines Inc,RVMD,연결,기준일 확인
ETF구성,Equity,Health Care,Biotechnology,ILMN,,US,,,,203780,7,2.1%,2026-09-01,https://investments.miraeasset.com/tigeretf/ko/product/search/detail/index.do?ksdFund=KR7203780002,Illumina Inc,ILMN,연결,기준일 확인
ETF구성,Equity,Health Care,Biotechnology,BIIB,,US,,,,203780,8,2.1%,2026-09-01,https://investments.miraeasset.com/tigeretf/ko/product/search/detail/index.do?ksdFund=KR7203780002,Biogen Inc,BIIB,연결,기준일 확인
ETF구성,Equity,Health Care,Biotechnology,ALNY,,US,,,,203780,9,2.1%,2026-09-01,https://investments.miraeasset.com/tigeretf/ko/product/search/detail/index.do?ksdFund=KR7203780002,Alnylam Pharmaceuticals Inc,ALNY,연결,기준일 확인
ETF구성,Equity,Health Care,Biotechnology,ARGX,,US,,,,203780,10,1.8%,2026-09-01,https://investments.miraeasset.com/tigeretf/ko/product/search/detail/index.do?ksdFund=KR7203780002,Argenx SE,ARGX,연결,기준일 확인
ETF구성,Equity,Health Care,Biologics CDMO,207940,,KR,,,,227540,1,21.4%,2026-09-01,https://investments.miraeasset.com/tigeretf/ko/product/search/detail/index.do?ksdFund=KR7227540002,삼성바이오로직스,KRX:207940,연결,기준일 확인
ETF구성,Equity,Health Care,Biopharma,068270,,KR,,,,227540,2,20.8%,2026-09-01,https://investments.miraeasset.com/tigeretf/ko/product/search/detail/index.do?ksdFund=KR7227540002,셀트리온,KRX:068270,연결,기준일 확인
ETF구성,Equity,Health Care,Health Care,000100,,KR,,,,227540,3,13.3%,2026-09-01,https://investments.miraeasset.com/tigeretf/ko/product/search/detail/index.do?ksdFund=KR7227540002,유한양행,KRX:000100,연결,기준일 확인
ETF구성,Equity,Health Care,Health Care,326030,,KR,,,,227540,4,9.9%,2026-09-01,https://investments.miraeasset.com/tigeretf/ko/product/search/detail/index.do?ksdFund=KR7227540002,SK바이오팜,KRX:326030,연결,기준일 확인
ETF구성,Equity,Health Care,Health Care,128940,,KR,,,,227540,5,8.9%,2026-09-01,https://investments.miraeasset.com/tigeretf/ko/product/search/detail/index.do?ksdFund=KR7227540002,한미약품,KRX:128940,연결,기준일 확인
ETF구성,Equity,Health Care,Health Care,0126Z0,,KR,,,,227540,6,6.1%,2026-09-01,https://investments.miraeasset.com/tigeretf/ko/product/search/detail/index.do?ksdFund=KR7227540002,삼성에피스홀딩스,,연결,기준일 확인
ETF구성,Equity,Health Care,Health Care,009420,,KR,,,,227540,7,6.1%,2026-09-01,https://investments.miraeasset.com/tigeretf/ko/product/search/detail/index.do?ksdFund=KR7227540002,한올바이오파마,KRX:009420,연결,기준일 확인
ETF구성,Equity,Health Care,Health Care,008930,,KR,,,,227540,8,3.6%,2026-09-01,https://investments.miraeasset.com/tigeretf/ko/product/search/detail/index.do?ksdFund=KR7227540002,한미사이언스,KRX:008930,연결,기준일 확인
ETF구성,Equity,Health Care,Health Care,302440,,KR,,,,227540,9,2.9%,2026-09-01,https://investments.miraeasset.com/tigeretf/ko/product/search/detail/index.do?ksdFund=KR7227540002,SK바이오사이언스,KRX:302440,연결,기준일 확인
ETF구성,Equity,Health Care,Health Care,006280,,KR,,,,227540,10,2.0%,2026-09-01,https://investments.miraeasset.com/tigeretf/ko/product/search/detail/index.do?ksdFund=KR7227540002,녹십자,KRX:006280,연결,기준일 확인
ETF구성,Equity,Industrials,Aerospace & Defense,012450,,KR,,,,227550,1,18.6%,2026-09-01,https://investments.miraeasset.com/tigeretf/ko/product/search/detail/index.do?ksdFund=KR7227550001,한화에어로스페이스,KRX:012450,연결,기준일 확인
ETF구성,Equity,Information Technology,Battery Cells,373220,,KR,,,,227550,2,13.3%,2026-09-01,https://investments.miraeasset.com/tigeretf/ko/product/search/detail/index.do?ksdFund=KR7227550001,LG에너지솔루션,KRX:373220,연결,기준일 확인
ETF구성,Equity,Industrials,Electrical Equipment / Automation,010120,,KR,,,,227550,3,11.6%,2026-09-01,https://investments.miraeasset.com/tigeretf/ko/product/search/detail/index.do?ksdFund=KR7227550001,LS ELECTRIC,KRX:010120,연결,기준일 확인
ETF구성,Equity,Industrials,Missiles / Defense Electronics,079550,,KR,,,,227550,4,6.7%,2026-09-01,https://investments.miraeasset.com/tigeretf/ko/product/search/detail/index.do?ksdFund=KR7227550001,LIG디펜스앤에어로스페이스,KRX:079550,연결,기준일 확인
ETF구성,Equity,Industrials,Aerospace,047810,,KR,,,,227550,5,6.6%,2026-09-01,https://investments.miraeasset.com/tigeretf/ko/product/search/detail/index.do?ksdFund=KR7227550001,한국항공우주,KRX:047810,연결,기준일 확인
ETF구성,Equity,Industrials,Transportation,086280,,KR,,,,227550,6,5.5%,2026-09-01,https://investments.miraeasset.com/tigeretf/ko/product/search/detail/index.do?ksdFund=KR7227550001,현대글로비스,KRX:086280,연결,기준일 확인
ETF구성,Equity,Materials,Battery Materials,003670,,KR,,,,227550,7,5.1%,2026-09-01,https://investments.miraeasset.com/tigeretf/ko/product/search/detail/index.do?ksdFund=KR7227550001,포스코퓨처엠,KRX:003670,연결,기준일 확인
ETF구성,Equity,Industrials,Transportation,003490,,KR,,,,227550,8,5.1%,2026-09-01,https://investments.miraeasset.com/tigeretf/ko/product/search/detail/index.do?ksdFund=KR7227550001,대한항공,KRX:003490,연결,기준일 확인
ETF구성,Equity,Industrials,Transportation,011200,,KR,,,,227550,9,4.8%,2026-09-01,https://investments.miraeasset.com/tigeretf/ko/product/search/detail/index.do?ksdFund=KR7227550001,HMM,KRX:011200,연결,기준일 확인
ETF구성,Equity,Industrials,Power Cable / Infrastructure,006260,,KR,,,,227550,10,3.8%,2026-09-01,https://investments.miraeasset.com/tigeretf/ko/product/search/detail/index.do?ksdFund=KR7227550001,LS,KRX:006260,연결,기준일 확인
ETF구성,Equity,Consumer Staples,Consumer Staples,033780,,KR,,,,227560,1,19.2%,2026-09-01,https://investments.miraeasset.com/tigeretf/ko/product/search/detail/index.do?ksdFund=KR7227560000,KT&G,KRX:033780,연결,기준일 확인
ETF구성,Equity,Consumer Staples,Cosmetics,278470,,KR,,,,227560,2,15.3%,2026-09-01,https://investments.miraeasset.com/tigeretf/ko/product/search/detail/index.do?ksdFund=KR7227560000,에이피알,KRX:278470,연결,기준일 확인
ETF구성,Equity,Consumer Staples,Consumer Staples,015760,,KR,,,,227560,3,13.6%,2026-09-01,https://investments.miraeasset.com/tigeretf/ko/product/search/detail/index.do?ksdFund=KR7227560000,한국전력,KRX:015760,연결,기준일 확인
ETF구성,Equity,Consumer Staples,Consumer Staples,003230,,KR,,,,227560,4,7.8%,2026-09-01,https://investments.miraeasset.com/tigeretf/ko/product/search/detail/index.do?ksdFund=KR7227560000,삼양식품,KRX:003230,연결,기준일 확인
ETF구성,Equity,Consumer Staples,Cosmetics,090430,,KR,,,,227560,5,6.1%,2026-09-01,https://investments.miraeasset.com/tigeretf/ko/product/search/detail/index.do?ksdFund=KR7227560000,아모레퍼시픽,KRX:090430,연결,기준일 확인
ETF구성,Equity,Consumer Staples,Cosmetics,051900,,KR,,,,227560,6,3.9%,2026-09-01,https://investments.miraeasset.com/tigeretf/ko/product/search/detail/index.do?ksdFund=KR7227560000,LG생활건강,KRX:051900,연결,기준일 확인
ETF구성,Equity,Consumer Staples,Consumer Staples,271560,,KR,,,,227560,7,3.8%,2026-09-01,https://investments.miraeasset.com/tigeretf/ko/product/search/detail/index.do?ksdFund=KR7227560000,오리온,KRX:271560,연결,기준일 확인
ETF구성,Equity,Consumer Staples,Cosmetics,161890,,KR,,,,227560,8,3.7%,2026-09-01,https://investments.miraeasset.com/tigeretf/ko/product/search/detail/index.do?ksdFund=KR7227560000,한국콜마,KRX:161890,연결,기준일 확인
ETF구성,Equity,Consumer Staples,Cosmetics,192820,,KR,,,,227560,9,3.3%,2026-09-01,https://investments.miraeasset.com/tigeretf/ko/product/search/detail/index.do?ksdFund=KR7227560000,코스맥스,KRX:192820,연결,기준일 확인
ETF구성,Equity,Consumer Staples,Cosmetics,483650,,KR,,,,227560,10,3.0%,2026-09-01,https://investments.miraeasset.com/tigeretf/ko/product/search/detail/index.do?ksdFund=KR7227560000,달바글로벌,KRX:483650,연결,기준일 확인
ETF구성,Equity,Consumer Staples,Cosmetics,192820,,KR,,,,228790,1,12.6%,2026-09-01,https://investments.miraeasset.com/tigeretf/ko/product/search/detail/index.do?ksdFund=KR7228790002,코스맥스,KRX:192820,연결,기준일 확인
ETF구성,Equity,Consumer Staples,Cosmetics,257720,,KR,,,,228790,2,11.3%,2026-09-01,https://investments.miraeasset.com/tigeretf/ko/product/search/detail/index.do?ksdFund=KR7228790002,실리콘투,KOSDAQ:257720,연결,기준일 확인
ETF구성,Equity,Consumer Staples,Cosmetics,161890,,KR,,,,228790,3,10.7%,2026-09-01,https://investments.miraeasset.com/tigeretf/ko/product/search/detail/index.do?ksdFund=KR7228790002,한국콜마,KRX:161890,연결,기준일 확인
ETF구성,Equity,Consumer Staples,Cosmetics,278470,,KR,,,,228790,4,9.9%,2026-09-01,https://investments.miraeasset.com/tigeretf/ko/product/search/detail/index.do?ksdFund=KR7228790002,에이피알,KRX:278470,연결,기준일 확인
ETF구성,Equity,Consumer Staples,Cosmetics,214450,,KR,,,,228790,5,9.7%,2026-09-01,https://investments.miraeasset.com/tigeretf/ko/product/search/detail/index.do?ksdFund=KR7228790002,파마리서치,KOSDAQ:214450,연결,기준일 확인
ETF구성,Equity,Consumer Staples,Cosmetics,241710,,KR,,,,228790,6,9.2%,2026-09-01,https://investments.miraeasset.com/tigeretf/ko/product/search/detail/index.do?ksdFund=KR7228790002,코스메카코리아,KOSDAQ:241710,연결,기준일 확인
ETF구성,Equity,Consumer Staples,Cosmetics,051900,,KR,,,,228790,7,8.8%,2026-09-01,https://investments.miraeasset.com/tigeretf/ko/product/search/detail/index.do?ksdFund=KR7228790002,LG생활건강,KRX:051900,연결,기준일 확인
ETF구성,Equity,Consumer Staples,Cosmetics,090430,,KR,,,,228790,8,8.3%,2026-09-01,https://investments.miraeasset.com/tigeretf/ko/product/search/detail/index.do?ksdFund=KR7228790002,아모레퍼시픽,KRX:090430,연결,기준일 확인
ETF구성,Equity,Consumer Staples,Cosmetics,483650,,KR,,,,228790,9,7.6%,2026-09-01,https://investments.miraeasset.com/tigeretf/ko/product/search/detail/index.do?ksdFund=KR7228790002,달바글로벌,KRX:483650,연결,기준일 확인
ETF구성,Equity,Consumer Staples,Cosmetics,251970,,KR,,,,228790,10,2.6%,2026-09-01,https://investments.miraeasset.com/tigeretf/ko/product/search/detail/index.do?ksdFund=KR7228790002,펌텍코리아,KOSDAQ:251970,연결,기준일 확인
ETF구성,Equity,Multi-Asset,Defensive Equity & Bonds,KR103503GG37,,US,,,,237440,1,22.8%,2026-09-01,https://investments.miraeasset.com/tigeretf/ko/product/search/detail/index.do?ksdFund=KR7237440003,국고채권03375-3103(26-3),,시세 없음,기준일 확인
ETF구성,Equity,Multi-Asset,Defensive Equity & Bonds,KR103501GFC3,,US,,,,237440,2,22.7%,2026-09-01,https://investments.miraeasset.com/tigeretf/ko/product/search/detail/index.do?ksdFund=KR7237440003,국고채권02750-2812(25-10),,시세 없음,기준일 확인
ETF구성,Equity,Information Technology,Semiconductors,KRD010010001,,US,,,,237440,3,19.1%,2026-09-01,https://investments.miraeasset.com/tigeretf/ko/product/search/detail/index.do?ksdFund=KR7237440003,원화예금,,시세 없음,기준일 확인
ETF구성,Equity,Multi-Asset,Defensive Equity & Bonds,KR103501GF63,,US,,,,237440,4,11.3%,2026-09-01,https://investments.miraeasset.com/tigeretf/ko/product/search/detail/index.do?ksdFund=KR7237440003,국고채권02250-2806(25-4),,시세 없음,기준일 확인
ETF구성,Equity,Health Care,Biopharma,068270,,KR,,,,237440,5,4.2%,2026-09-01,https://investments.miraeasset.com/tigeretf/ko/product/search/detail/index.do?ksdFund=KR7237440003,셀트리온,KRX:068270,연결,기준일 확인
ETF구성,Equity,Multi-Asset,Defensive Equity & Bonds,033780,,KR,,,,237440,6,2.2%,2026-09-01,https://investments.miraeasset.com/tigeretf/ko/product/search/detail/index.do?ksdFund=KR7237440003,KT&G,KRX:033780,연결,기준일 확인
ETF구성,Equity,Health Care,Biologics CDMO,207940,,KR,,,,237440,7,2.2%,2026-09-01,https://investments.miraeasset.com/tigeretf/ko/product/search/detail/index.do?ksdFund=KR7237440003,삼성바이오로직스,KRX:207940,연결,기준일 확인
ETF구성,Equity,Multi-Asset,Defensive Equity & Bonds,017670,,KR,,,,237440,8,2.0%,2026-09-01,https://investments.miraeasset.com/tigeretf/ko/product/search/detail/index.do?ksdFund=KR7237440003,SK텔레콤,KRX:017670,연결,기준일 확인
ETF구성,Equity,Multi-Asset,Defensive Equity & Bonds,030200,,KR,,,,237440,9,1.7%,2026-09-01,https://investments.miraeasset.com/tigeretf/ko/product/search/detail/index.do?ksdFund=KR7237440003,KT,KRX:030200,연결,기준일 확인
ETF구성,Equity,Consumer Staples,Cosmetics,278470,,KR,,,,237440,10,1.6%,2026-09-01,https://investments.miraeasset.com/tigeretf/ko/product/search/detail/index.do?ksdFund=KR7237440003,에이피알,KRX:278470,연결,기준일 확인
ETF구성,Equity,Information Technology,Memory Semiconductors,000660,,KR,,,,243880,1,37.7%,2026-09-01,https://investments.miraeasset.com/tigeretf/ko/product/search/detail/index.do?ksdFund=KR7243880002,SK하이닉스,KRX:000660,연결,기준일 확인
ETF구성,Equity,Information Technology,Information Technology,402340,,KR,,,,243880,2,37.1%,2026-09-01,https://investments.miraeasset.com/tigeretf/ko/product/search/detail/index.do?ksdFund=KR7243880002,SK스퀘어,KRX:402340,연결,기준일 확인
ETF구성,Equity,Information Technology,Semiconductors,005930,,KR,,,,243880,3,32.5%,2026-09-01,https://investments.miraeasset.com/tigeretf/ko/product/search/detail/index.do?ksdFund=KR7243880002,삼성전자,KRX:005930,연결,기준일 확인
ETF구성,Equity,Information Technology,Information Technology,009150,,KR,,,,243880,4,31.6%,2026-09-01,https://investments.miraeasset.com/tigeretf/ko/product/search/detail/index.do?ksdFund=KR7243880002,삼성전기,KRX:009150,연결,기준일 확인
ETF구성,Equity,Information Technology,Information Technology,139260,,KR,,,,243880,5,14.1%,2026-09-01,https://investments.miraeasset.com/tigeretf/ko/product/search/detail/index.do?ksdFund=KR7243880002,TIGER 200 IT,KRX:139260,연결,기준일 확인
ETF구성,Equity,Information Technology,Information Technology,006400,,KR,,,,243880,6,13.7%,2026-09-01,https://investments.miraeasset.com/tigeretf/ko/product/search/detail/index.do?ksdFund=KR7243880002,삼성SDI,KRX:006400,연결,기준일 확인
ETF구성,Equity,Information Technology,Information Technology,066570,,KR,,,,243880,7,9.1%,2026-09-01,https://investments.miraeasset.com/tigeretf/ko/product/search/detail/index.do?ksdFund=KR7243880002,LG전자,KRX:066570,연결,기준일 확인
ETF구성,Equity,Information Technology,Information Technology,003550,,KR,,,,243880,8,4.2%,2026-09-01,https://investments.miraeasset.com/tigeretf/ko/product/search/detail/index.do?ksdFund=KR7243880002,LG,KRX:003550,연결,기준일 확인
ETF구성,Equity,Information Technology,Semiconductor Equipment,042700,,KR,,,,243880,9,3.6%,2026-09-01,https://investments.miraeasset.com/tigeretf/ko/product/search/detail/index.do?ksdFund=KR7243880002,한미반도체,KRX:042700,연결,기준일 확인
ETF구성,Equity,Information Technology,Information Technology,011070,,KR,,,,243880,10,3.6%,2026-09-01,https://investments.miraeasset.com/tigeretf/ko/product/search/detail/index.do?ksdFund=KR7243880002,LG이노텍,KRX:011070,연결,기준일 확인
ETF구성,Equity,Materials,Chemicals & Energy Materials,034730,,KR,,,,243890,1,38.1%,2026-09-01,https://investments.miraeasset.com/tigeretf/ko/product/search/detail/index.do?ksdFund=KR7243890001,SK,KRX:034730,연결,기준일 확인
ETF구성,Equity,Materials,Chemicals & Energy Materials,051910,,KR,,,,243890,2,25.3%,2026-09-01,https://investments.miraeasset.com/tigeretf/ko/product/search/detail/index.do?ksdFund=KR7243890001,LG화학,KRX:051910,연결,기준일 확인
ETF구성,Equity,Materials,Chemicals & Energy Materials,139250,,KR,,,,243890,3,21.0%,2026-09-01,https://investments.miraeasset.com/tigeretf/ko/product/search/detail/index.do?ksdFund=KR7243890001,TIGER 200 에너지화학,KRX:139250,연결,기준일 확인
ETF구성,Equity,Materials,Chemicals & Energy Materials,267250,,KR,,,,243890,4,19.4%,2026-09-01,https://investments.miraeasset.com/tigeretf/ko/product/search/detail/index.do?ksdFund=KR7243890001,HD현대,KRX:267250,연결,기준일 확인
ETF구성,Equity,Materials,Chemicals & Energy Materials,096770,,KR,,,,243890,5,18.4%,2026-09-01,https://investments.miraeasset.com/tigeretf/ko/product/search/detail/index.do?ksdFund=KR7243890001,SK이노베이션,KRX:096770,연결,기준일 확인
ETF구성,Equity,Materials,Chemicals & Energy Materials,010950,,KR,,,,243890,6,12.4%,2026-09-01,https://investments.miraeasset.com/tigeretf/ko/product/search/detail/index.do?ksdFund=KR7243890001,S-Oil,KRX:010950,연결,기준일 확인
ETF구성,Equity,Materials,Chemicals & Energy Materials,078930,,KR,,,,243890,7,11.2%,2026-09-01,https://investments.miraeasset.com/tigeretf/ko/product/search/detail/index.do?ksdFund=KR7243890001,GS,KRX:078930,연결,기준일 확인
ETF구성,Equity,Materials,Chemicals & Energy Materials,009830,,KR,,,,243890,8,9.4%,2026-09-01,https://investments.miraeasset.com/tigeretf/ko/product/search/detail/index.do?ksdFund=KR7243890001,한화솔루션,KRX:009830,연결,기준일 확인
ETF구성,Equity,Materials,Chemicals & Energy Materials,010060,,KR,,,,243890,9,7.2%,2026-09-01,https://investments.miraeasset.com/tigeretf/ko/product/search/detail/index.do?ksdFund=KR7243890001,OCI홀딩스,KRX:010060,연결,기준일 확인
ETF구성,Equity,Materials,Chemicals & Energy Materials,000880,,KR,,,,243890,10,5.8%,2026-09-01,https://investments.miraeasset.com/tigeretf/ko/product/search/detail/index.do?ksdFund=KR7243890001,한화,KRX:000880,연결,기준일 확인
ETF구성,Equity,Information Technology,Semiconductors,036930,,KR,,,,261060,1,8.2%,2026-09-01,https://investments.miraeasset.com/tigeretf/ko/product/search/detail/index.do?ksdFund=KR7261060008,주성엔지니어링,KOSDAQ:036930,연결,기준일 확인
ETF구성,Equity,Information Technology,Semiconductors,240810,,KR,,,,261060,2,5.5%,2026-09-01,https://investments.miraeasset.com/tigeretf/ko/product/search/detail/index.do?ksdFund=KR7261060008,원익IPS,KOSDAQ:240810,연결,기준일 확인
ETF구성,Equity,Information Technology,Semiconductors,039030,,KR,,,,261060,3,5.0%,2026-09-01,https://investments.miraeasset.com/tigeretf/ko/product/search/detail/index.do?ksdFund=KR7261060008,이오테크닉스,KOSDAQ:039030,연결,기준일 확인
ETF구성,Equity,Information Technology,Semiconductor Equipment / Testing,058470,,KR,,,,261060,4,4.9%,2026-09-01,https://investments.miraeasset.com/tigeretf/ko/product/search/detail/index.do?ksdFund=KR7261060008,리노공업,KOSDAQ:058470,연결,기준일 확인
ETF구성,Equity,Information Technology,Semiconductors,403870,,KR,,,,261060,5,4.8%,2026-09-01,https://investments.miraeasset.com/tigeretf/ko/product/search/detail/index.do?ksdFund=KR7261060008,HPSP,KOSDAQ:403870,연결,기준일 확인
ETF구성,Equity,Information Technology,Semiconductors,222800,,KR,,,,261060,6,4.8%,2026-09-01,https://investments.miraeasset.com/tigeretf/ko/product/search/detail/index.do?ksdFund=KR7261060008,심텍,KOSDAQ:222800,연결,기준일 확인
ETF구성,Equity,Information Technology,Information Technology,108490,,KR,,,,261060,7,4.3%,2026-09-01,https://investments.miraeasset.com/tigeretf/ko/product/search/detail/index.do?ksdFund=KR7261060008,로보티즈,KOSDAQ:108490,연결,기준일 확인
ETF구성,Equity,Information Technology,Semiconductors,319660,,KR,,,,261060,8,3.7%,2026-09-01,https://investments.miraeasset.com/tigeretf/ko/product/search/detail/index.do?ksdFund=KR7261060008,피에스케이,KOSDAQ:319660,연결,기준일 확인
ETF구성,Equity,Information Technology,Information Technology,080220,,KR,,,,261060,9,3.5%,2026-09-01,https://investments.miraeasset.com/tigeretf/ko/product/search/detail/index.do?ksdFund=KR7261060008,제주반도체,KOSDAQ:080220,연결,기준일 확인
ETF구성,Equity,Information Technology,Information Technology,178320,,KR,,,,261060,10,2.8%,2026-09-01,https://investments.miraeasset.com/tigeretf/ko/product/search/detail/index.do?ksdFund=KR7261060008,서진시스템,KOSDAQ:178320,연결,기준일 확인
ETF구성,Equity,Health Care,Biotechnology / Platform,196170,,KR,,,,261070,1,29.5%,2026-09-01,https://investments.miraeasset.com/tigeretf/ko/product/search/detail/index.do?ksdFund=KR7261070007,알테오젠,KOSDAQ:196170,연결,기준일 확인
ETF구성,Equity,Health Care,Biotechnology,028300,,KR,,,,261070,2,7.6%,2026-09-01,https://investments.miraeasset.com/tigeretf/ko/product/search/detail/index.do?ksdFund=KR7261070007,HLB,KOSDAQ:028300,연결,기준일 확인
ETF구성,Equity,Health Care,Biotechnology,087010,,KR,,,,261070,3,7.2%,2026-09-01,https://investments.miraeasset.com/tigeretf/ko/product/search/detail/index.do?ksdFund=KR7261070007,펩트론,KOSDAQ:087010,연결,기준일 확인
ETF구성,Equity,Health Care,Biotechnology,298380,,KR,,,,261070,4,5.5%,2026-09-01,https://investments.miraeasset.com/tigeretf/ko/product/search/detail/index.do?ksdFund=KR7261070007,에이비엘바이오,KOSDAQ:298380,연결,기준일 확인
ETF구성,Equity,Consumer Staples,Cosmetics,214450,,KR,,,,261070,5,5.3%,2026-09-01,https://investments.miraeasset.com/tigeretf/ko/product/search/detail/index.do?ksdFund=KR7261070007,파마리서치,KOSDAQ:214450,연결,기준일 확인
ETF구성,Equity,Health Care,ADC Biotechnology,141080,,KR,,,,261070,6,4.6%,2026-09-01,https://investments.miraeasset.com/tigeretf/ko/product/search/detail/index.do?ksdFund=KR7261070007,리가켐바이오,KOSDAQ:141080,연결,기준일 확인
ETF구성,Equity,Health Care,Biotechnology,000250,,KR,,,,261070,7,4.2%,2026-09-01,https://investments.miraeasset.com/tigeretf/ko/product/search/detail/index.do?ksdFund=KR7261070007,삼천당제약,KOSDAQ:000250,연결,기준일 확인
ETF구성,Equity,Health Care,Biotechnology,347850,,KR,,,,261070,8,3.4%,2026-09-01,https://investments.miraeasset.com/tigeretf/ko/product/search/detail/index.do?ksdFund=KR7261070007,디앤디파마텍,KOSDAQ:347850,연결,기준일 확인
ETF구성,Equity,Health Care,Biotechnology,310210,,KR,,,,261070,9,3.2%,2026-09-01,https://investments.miraeasset.com/tigeretf/ko/product/search/detail/index.do?ksdFund=KR7261070007,보로노이,KOSDAQ:310210,연결,기준일 확인
ETF구성,Equity,Health Care,Biotechnology,226950,,KR,,,,261070,10,3.0%,2026-09-01,https://investments.miraeasset.com/tigeretf/ko/product/search/detail/index.do?ksdFund=KR7261070007,올릭스,KOSDAQ:226950,연결,기준일 확인
ETF구성,Equity,Information Technology,Software,035420,,KR,,,,315270,1,22.1%,2026-09-01,https://investments.miraeasset.com/tigeretf/ko/product/search/detail/index.do?ksdFund=KR7315270009,NAVER,KRX:035420,연결,기준일 확인
ETF구성,Equity,Communication Services,Media & Communication,017670,,KR,,,,315270,2,18.2%,2026-09-01,https://investments.miraeasset.com/tigeretf/ko/product/search/detail/index.do?ksdFund=KR7315270009,SK텔레콤,KRX:017670,연결,기준일 확인
ETF구성,Equity,Information Technology,Software,035720,,KR,,,,315270,3,16.1%,2026-09-01,https://investments.miraeasset.com/tigeretf/ko/product/search/detail/index.do?ksdFund=KR7315270009,카카오,KRX:035720,연결,기준일 확인
ETF구성,Equity,Communication Services,Media & Communication,030200,,KR,,,,315270,4,15.3%,2026-09-01,https://investments.miraeasset.com/tigeretf/ko/product/search/detail/index.do?ksdFund=KR7315270009,KT,KRX:030200,연결,기준일 확인
ETF구성,Equity,Information Technology,Software,259960,,KR,,,,315270,5,8.3%,2026-09-01,https://investments.miraeasset.com/tigeretf/ko/product/search/detail/index.do?ksdFund=KR7315270009,크래프톤,KRX:259960,연결,기준일 확인
ETF구성,Equity,Communication Services,Music / Entertainment,352820,,KR,,,,315270,6,5.9%,2026-09-01,https://investments.miraeasset.com/tigeretf/ko/product/search/detail/index.do?ksdFund=KR7315270009,하이브,KRX:352820,연결,기준일 확인
ETF구성,Equity,Communication Services,Media & Communication,032640,,KR,,,,315270,7,5.3%,2026-09-01,https://investments.miraeasset.com/tigeretf/ko/product/search/detail/index.do?ksdFund=KR7315270009,LG유플러스,KRX:032640,연결,기준일 확인
ETF구성,Equity,Information Technology,Software,036570,,KR,,,,315270,8,5.0%,2026-09-01,https://investments.miraeasset.com/tigeretf/ko/product/search/detail/index.do?ksdFund=KR7315270009,NC,KRX:036570,연결,기준일 확인
ETF구성,Equity,Communication Services,Media & Communication,030000,,KR,,,,315270,9,1.7%,2026-09-01,https://investments.miraeasset.com/tigeretf/ko/product/search/detail/index.do?ksdFund=KR7315270009,제일기획,KRX:030000,연결,기준일 확인
ETF구성,Equity,Information Technology,Software,251270,,KR,,,,315270,10,1.5%,2026-09-01,https://investments.miraeasset.com/tigeretf/ko/product/search/detail/index.do?ksdFund=KR7315270009,넷마블,KRX:251270,연결,기준일 확인
ETF구성,Equity,Information Technology,Semiconductors,NVDA,,US,,,,381180,1,14.0%,2026-09-01,https://investments.miraeasset.com/tigeretf/ko/product/search/detail/index.do?ksdFund=KR7381180009,NVIDIA Corp,NVDA,연결,기준일 확인
ETF구성,Equity,Information Technology,Semiconductors,AVGO,,US,,,,381180,2,9.3%,2026-09-01,https://investments.miraeasset.com/tigeretf/ko/product/search/detail/index.do?ksdFund=KR7381180009,Broadcom Inc,AVGO,연결,기준일 확인
ETF구성,Equity,Information Technology,Memory Semiconductors,MU,,US,,,,381180,3,8.7%,2026-09-01,https://investments.miraeasset.com/tigeretf/ko/product/search/detail/index.do?ksdFund=KR7381180009,Micron Technology Inc,MU,연결,기준일 확인
ETF구성,Equity,Information Technology,Semiconductors,MRVL,,US,,,,381180,4,4.8%,2026-09-01,https://investments.miraeasset.com/tigeretf/ko/product/search/detail/index.do?ksdFund=KR7381180009,Marvell Technology Inc,MRVL,연결,기준일 확인
ETF구성,Equity,Information Technology,Semiconductors,ASML,,US,,,,381180,5,4.8%,2026-09-01,https://investments.miraeasset.com/tigeretf/ko/product/search/detail/index.do?ksdFund=KR7381180009,ASML Holding NV,ASML,연결,기준일 확인
ETF구성,Equity,Information Technology,Semiconductors,AMAT,,US,,,,381180,6,4.6%,2026-09-01,https://investments.miraeasset.com/tigeretf/ko/product/search/detail/index.do?ksdFund=KR7381180009,Applied Materials Inc,AMAT,연결,기준일 확인
ETF구성,Equity,Information Technology,Semiconductors,TSM,,US,,,,381180,7,4.5%,2026-09-01,https://investments.miraeasset.com/tigeretf/ko/product/search/detail/index.do?ksdFund=KR7381180009,Taiwan Semiconductor Manufacturing Co Ltd,TSM,연결,기준일 확인
ETF구성,Equity,Information Technology,Semiconductors,LRCX,,US,,,,381180,8,4.3%,2026-09-01,https://investments.miraeasset.com/tigeretf/ko/product/search/detail/index.do?ksdFund=KR7381180009,Lam Research Corp,LRCX,연결,기준일 확인
ETF구성,Equity,Information Technology,Semiconductors,KLAC,,US,,,,381180,9,4.1%,2026-09-01,https://investments.miraeasset.com/tigeretf/ko/product/search/detail/index.do?ksdFund=KR7381180009,KLA Corp,KLAC,연결,기준일 확인
ETF구성,Equity,Information Technology,Semiconductors,AMD,,US,,,,381180,10,4.1%,2026-09-01,https://investments.miraeasset.com/tigeretf/ko/product/search/detail/index.do?ksdFund=KR7381180009,Advanced Micro Devices Inc,AMD,연결,기준일 확인
ETF구성,Equity,Information Technology,Semiconductors,KRD010010001,,US,,,,423920,1,120.6%,2026-09-01,https://investments.miraeasset.com/tigeretf/ko/product/search/detail/index.do?ksdFund=KR7423920008,원화예금,,시세 없음,기준일 확인
ETF구성,Equity,Information Technology,Semiconductors,SOXQ,,US,,,,423920,2,15.8%,2026-09-01,https://investments.miraeasset.com/tigeretf/ko/product/search/detail/index.do?ksdFund=KR7423920008,Invesco PHLX Semiconductor ETF,SOXQ,연결,기준일 확인
ETF구성,Equity,Information Technology,Semiconductors,-,,US,,,,423920,3,4.2%,2026-09-01,https://investments.miraeasset.com/tigeretf/ko/product/search/detail/index.do?ksdFund=KR7423920008,PHLX Semiconductor Sector Index USD (LEVERAGE) TRS 230406-15,,시세 없음,기준일 확인
ETF구성,Equity,Information Technology,Semiconductors,SOXX,,US,,,,423920,4,1.3%,2026-09-01,https://investments.miraeasset.com/tigeretf/ko/product/search/detail/index.do?ksdFund=KR7423920008,iShares Semiconductor ETF,SOXX,연결,기준일 확인
ETF구성,Equity,Information Technology,Semiconductors,-,,US,,,,449680,1,35.8%,2026-09-01,https://investments.miraeasset.com/tigeretf/ko/product/search/detail/index.do?ksdFund=KR7449680008,한중전기차 TRS(키움증권),,시세 없음,기준일 확인
ETF구성,Equity,Information Technology,Semiconductors,-,,US,,,,449680,2,17.9%,2026-09-01,https://investments.miraeasset.com/tigeretf/ko/product/search/detail/index.do?ksdFund=KR7449680008,한중전기차 TRS(NH투자증권),,시세 없음,기준일 확인
ETF구성,Equity,Information Technology,Semiconductors,-,,US,,,,449680,3,12.0%,2026-09-01,https://investments.miraeasset.com/tigeretf/ko/product/search/detail/index.do?ksdFund=KR7449680008,한중전기차 TRS(미래에셋증권),,시세 없음,기준일 확인
ETF구성,Equity,Information Technology,Semiconductors,-,,US,,,,449680,4,12.0%,2026-09-01,https://investments.miraeasset.com/tigeretf/ko/product/search/detail/index.do?ksdFund=KR7449680008,한중전기차 TRS(KB증권),,시세 없음,기준일 확인
ETF구성,Equity,Information Technology,Semiconductors,-,,US,,,,449680,5,9.3%,2026-09-01,https://investments.miraeasset.com/tigeretf/ko/product/search/detail/index.do?ksdFund=KR7449680008,한중전기차 TRS(메리츠증권),,시세 없음,기준일 확인
ETF구성,Equity,Information Technology,Semiconductors,-,,US,,,,449680,6,9.3%,2026-09-01,https://investments.miraeasset.com/tigeretf/ko/product/search/detail/index.do?ksdFund=KR7449680008,한중전기차 TRS(삼성증권),,시세 없음,기준일 확인
ETF구성,Equity,Information Technology,Semiconductors,KRD010010001,,US,,,,449680,7,3.6%,2026-09-01,https://investments.miraeasset.com/tigeretf/ko/product/search/detail/index.do?ksdFund=KR7449680008,원화예금,,시세 없음,기준일 확인
ETF구성,Equity,Information Technology,Semiconductors,-,,US,,,,449690,1,26.2%,2026-09-01,https://investments.miraeasset.com/tigeretf/ko/product/search/detail/index.do?ksdFund=KR7449690007,한중반도체 TRS(키움증권),,시세 없음,기준일 확인
ETF구성,Equity,Information Technology,Semiconductors,-,,US,,,,449690,2,19.6%,2026-09-01,https://investments.miraeasset.com/tigeretf/ko/product/search/detail/index.do?ksdFund=KR7449690007,한중반도체 TRS(NH투자증권),,시세 없음,기준일 확인
ETF구성,Equity,Information Technology,Semiconductors,-,,US,,,,449690,3,13.1%,2026-09-01,https://investments.miraeasset.com/tigeretf/ko/product/search/detail/index.do?ksdFund=KR7449690007,한중반도체 TRS(미래에셋증권),,시세 없음,기준일 확인
ETF구성,Equity,Information Technology,Semiconductors,-,,US,,,,449690,4,13.1%,2026-09-01,https://investments.miraeasset.com/tigeretf/ko/product/search/detail/index.do?ksdFund=KR7449690007,한중반도체 TRS(KB증권),,시세 없음,기준일 확인
ETF구성,Equity,Information Technology,Semiconductors,-,,US,,,,449690,5,11.4%,2026-09-01,https://investments.miraeasset.com/tigeretf/ko/product/search/detail/index.do?ksdFund=KR7449690007,한중반도체 TRS(메리츠증권),,시세 없음,기준일 확인
ETF구성,Equity,Information Technology,Semiconductors,-,,US,,,,449690,6,11.4%,2026-09-01,https://investments.miraeasset.com/tigeretf/ko/product/search/detail/index.do?ksdFund=KR7449690007,한중반도체 TRS(삼성증권),,시세 없음,기준일 확인
ETF구성,Equity,Information Technology,Semiconductors,KRD010010001,,US,,,,449690,7,2.3%,2026-09-01,https://investments.miraeasset.com/tigeretf/ko/product/search/detail/index.do?ksdFund=KR7449690007,원화예금,,시세 없음,기준일 확인
ETF구성,Equity,Information Technology,Semiconductors,KRD010010001,,US,,,,456680,1,175.8%,2026-09-01,https://investments.miraeasset.com/tigeretf/ko/product/search/detail/index.do?ksdFund=KR7456680008,원화예금,,시세 없음,기준일 확인
ETF구성,Equity,Information Technology,Semiconductors,6857 JP EQUITY,,US,,,,465660,1,12.3%,2026-09-01,https://investments.miraeasset.com/tigeretf/ko/product/search/detail/index.do?ksdFund=KR7465660009,Advantest Corp,,시세 없음,기준일 확인
ETF구성,Equity,Information Technology,Semiconductors,KRD010010001,,US,,,,465660,2,10.9%,2026-09-01,https://investments.miraeasset.com/tigeretf/ko/product/search/detail/index.do?ksdFund=KR7465660009,원화예금,,시세 없음,기준일 확인
ETF구성,Equity,Information Technology,Semiconductors,6146 JP EQUITY,,US,,,,465660,3,8.5%,2026-09-01,https://investments.miraeasset.com/tigeretf/ko/product/search/detail/index.do?ksdFund=KR7465660009,Disco Corp,,시세 없음,기준일 확인
ETF구성,Equity,Information Technology,Semiconductors,8035 JP EQUITY,,US,,,,465660,4,8.0%,2026-09-01,https://investments.miraeasset.com/tigeretf/ko/product/search/detail/index.do?ksdFund=KR7465660009,Tokyo Electron Ltd,,시세 없음,기준일 확인
ETF구성,Equity,Information Technology,Semiconductors,6723 JP EQUITY,,US,,,,465660,5,7.5%,2026-09-01,https://investments.miraeasset.com/tigeretf/ko/product/search/detail/index.do?ksdFund=KR7465660009,Renesas Electronics Corp,,시세 없음,기준일 확인
ETF구성,Equity,Information Technology,Semiconductors,6920 JP EQUITY,,US,,,,465660,6,7.3%,2026-09-01,https://investments.miraeasset.com/tigeretf/ko/product/search/detail/index.do?ksdFund=KR7465660009,Lasertec Corp,,시세 없음,기준일 확인
ETF구성,Equity,Information Technology,Semiconductors,285A JP EQUITY,,US,,,,465660,7,6.5%,2026-09-01,https://investments.miraeasset.com/tigeretf/ko/product/search/detail/index.do?ksdFund=KR7465660009,Kioxia Holdings Corp,,시세 없음,기준일 확인
ETF구성,Equity,Information Technology,Semiconductors,7735 JP EQUITY,,US,,,,465660,8,5.8%,2026-09-01,https://investments.miraeasset.com/tigeretf/ko/product/search/detail/index.do?ksdFund=KR7465660009,SCREEN Holdings Co Ltd,,시세 없음,기준일 확인
ETF구성,Equity,Information Technology,Semiconductors,6525 JP EQUITY,,US,,,,465660,9,5.1%,2026-09-01,https://investments.miraeasset.com/tigeretf/ko/product/search/detail/index.do?ksdFund=KR7465660009,Kokusai Electric Corp,,시세 없음,기준일 확인
ETF구성,Equity,Information Technology,Semiconductors,2644 JT EQUITY,,US,,,,465660,10,4.5%,2026-09-01,https://investments.miraeasset.com/tigeretf/ko/product/search/detail/index.do?ksdFund=KR7465660009,Global X Japan Semiconductor ETF,,시세 없음,기준일 확인
ETF구성,Equity,Industrials,Shipbuilding,042660,,KR,,,,494670,1,23.4%,2026-09-01,https://investments.miraeasset.com/tigeretf/ko/product/search/detail/index.do?ksdFund=KR7494670003,한화오션,KRX:042660,연결,기준일 확인
ETF구성,Equity,Industrials,Shipbuilding,009540,,KR,,,,494670,2,21.4%,2026-09-01,https://investments.miraeasset.com/tigeretf/ko/product/search/detail/index.do?ksdFund=KR7494670003,HD한국조선해양,KRX:009540,연결,기준일 확인
ETF구성,Equity,Industrials,Shipbuilding,329180,,KR,,,,494670,3,21.4%,2026-09-01,https://investments.miraeasset.com/tigeretf/ko/product/search/detail/index.do?ksdFund=KR7494670003,HD현대중공업,KRX:329180,연결,기준일 확인
ETF구성,Equity,Industrials,Shipbuilding,010140,,KR,,,,494670,4,16.0%,2026-09-01,https://investments.miraeasset.com/tigeretf/ko/product/search/detail/index.do?ksdFund=KR7494670003,삼성중공업,KRX:010140,연결,기준일 확인
ETF구성,Equity,Industrials,Shipbuilding,443060,,KR,,,,494670,5,8.1%,2026-09-01,https://investments.miraeasset.com/tigeretf/ko/product/search/detail/index.do?ksdFund=KR7494670003,HD현대마린솔루션,KRX:443060,연결,기준일 확인
ETF구성,Equity,Industrials,Shipbuilding,082740,,KR,,,,494670,6,3.5%,2026-09-01,https://investments.miraeasset.com/tigeretf/ko/product/search/detail/index.do?ksdFund=KR7494670003,한화엔진,KRX:082740,연결,기준일 확인
ETF구성,Equity,Industrials,Shipbuilding,439260,,KR,,,,494670,7,1.6%,2026-09-01,https://investments.miraeasset.com/tigeretf/ko/product/search/detail/index.do?ksdFund=KR7494670003,대한조선,KRX:439260,연결,기준일 확인
ETF구성,Equity,Industrials,Shipbuilding,071970,,KR,,,,494670,8,1.6%,2026-09-01,https://investments.miraeasset.com/tigeretf/ko/product/search/detail/index.do?ksdFund=KR7494670003,HD현대마린엔진,KRX:071970,연결,기준일 확인
ETF구성,Equity,Information Technology,Semiconductors,KRD010010001,,US,,,,494670,9,1.4%,2026-09-01,https://investments.miraeasset.com/tigeretf/ko/product/search/detail/index.do?ksdFund=KR7494670003,원화예금,,시세 없음,기준일 확인
ETF구성,Equity,Industrials,Shipbuilding,017960,,KR,,,,494670,10,1.1%,2026-09-01,https://investments.miraeasset.com/tigeretf/ko/product/search/detail/index.do?ksdFund=KR7494670003,한국카본,KRX:017960,연결,기준일 확인
ETF구성,Equity,Industrials,Aerospace & Defense,RTX,,US,,,,494840,1,22.8%,2026-09-01,https://investments.miraeasset.com/tigeretf/ko/product/search/detail/index.do?ksdFund=KR7494840002,RTX Corp,RTX,연결,기준일 확인
ETF구성,Equity,Industrials,Aerospace & Defense,LMT,,US,,,,494840,2,20.4%,2026-09-01,https://investments.miraeasset.com/tigeretf/ko/product/search/detail/index.do?ksdFund=KR7494840002,Lockheed Martin Corp,LMT,연결,기준일 확인
ETF구성,Equity,Industrials,Aerospace & Defense,GD,,US,,,,494840,3,18.4%,2026-09-01,https://investments.miraeasset.com/tigeretf/ko/product/search/detail/index.do?ksdFund=KR7494840002,General Dynamics Corp,GD,연결,기준일 확인
ETF구성,Equity,Industrials,Aerospace & Defense,NOC,,US,,,,494840,4,13.5%,2026-09-01,https://investments.miraeasset.com/tigeretf/ko/product/search/detail/index.do?ksdFund=KR7494840002,Northrop Grumman Corp,NOC,연결,기준일 확인
ETF구성,Equity,Industrials,Aerospace & Defense,BA,,US,,,,494840,5,10.7%,2026-09-01,https://investments.miraeasset.com/tigeretf/ko/product/search/detail/index.do?ksdFund=KR7494840002,Boeing Co/The,BA,연결,기준일 확인
ETF구성,Equity,Industrials,Aerospace & Defense,LHX,,US,,,,494840,6,5.8%,2026-09-01,https://investments.miraeasset.com/tigeretf/ko/product/search/detail/index.do?ksdFund=KR7494840002,L3Harris Technologies Inc,LHX,연결,기준일 확인
ETF구성,Equity,Industrials,Aerospace & Defense,HII,,US,,,,494840,7,4.6%,2026-09-01,https://investments.miraeasset.com/tigeretf/ko/product/search/detail/index.do?ksdFund=KR7494840002,Huntington Ingalls Industries Inc,HII,연결,기준일 확인
ETF구성,Equity,Industrials,Aerospace & Defense,ESLT,,US,,,,494840,8,2.8%,2026-09-01,https://investments.miraeasset.com/tigeretf/ko/product/search/detail/index.do?ksdFund=KR7494840002,Elbit Systems Ltd,ESLT,연결,기준일 확인
ETF구성,Equity,Industrials,Defense Drones,AVAV,,US,,,,494840,9,0.6%,2026-09-01,https://investments.miraeasset.com/tigeretf/ko/product/search/detail/index.do?ksdFund=KR7494840002,AeroVironment Inc,AVAV,연결,기준일 확인
ETF구성,Equity,Industrials,Aerospace & Defense,MRCY,,US,,,,494840,10,0.4%,2026-09-01,https://investments.miraeasset.com/tigeretf/ko/product/search/detail/index.do?ksdFund=KR7494840002,Mercury Systems Inc,MRCY,연결,기준일 확인
ETF구성,Equity,Financials,Financial Holding / Banks,055550,,KR,,,,091220,1,23.1%,2026-09-01,https://investments.miraeasset.com/tigeretf/ko/product/search/detail/index.do?ksdFund=KR7091220004,신한지주,KRX:055550,연결,기준일 확인
ETF구성,Equity,Financials,Financial Holding / Banks,086790,,KR,,,,091220,2,22.2%,2026-09-01,https://investments.miraeasset.com/tigeretf/ko/product/search/detail/index.do?ksdFund=KR7091220004,하나금융지주,KRX:086790,연결,기준일 확인
ETF구성,Equity,Financials,Financial Holding / Banks,105560,,KR,,,,091220,3,20.6%,2026-09-01,https://investments.miraeasset.com/tigeretf/ko/product/search/detail/index.do?ksdFund=KR7091220004,KB금융,KRX:105560,연결,기준일 확인
ETF구성,Equity,Financials,Financial Holding / Banks,316140,,KR,,,,091220,4,16.2%,2026-09-01,https://investments.miraeasset.com/tigeretf/ko/product/search/detail/index.do?ksdFund=KR7091220004,우리금융지주,KRX:316140,연결,기준일 확인
ETF구성,Equity,Financials,Banks,323410,,KR,,,,091220,5,5.3%,2026-09-01,https://investments.miraeasset.com/tigeretf/ko/product/search/detail/index.do?ksdFund=KR7091220004,카카오뱅크,KRX:323410,연결,기준일 확인
ETF구성,Equity,Financials,Banks,024110,,KR,,,,091220,6,4.0%,2026-09-01,https://investments.miraeasset.com/tigeretf/ko/product/search/detail/index.do?ksdFund=KR7091220004,기업은행,KRX:024110,연결,기준일 확인
ETF구성,Equity,Financials,Banks,175330,,KR,,,,091220,7,3.2%,2026-09-01,https://investments.miraeasset.com/tigeretf/ko/product/search/detail/index.do?ksdFund=KR7091220004,JB금융지주,KRX:175330,연결,기준일 확인
ETF구성,Equity,Financials,Banks,138930,,KR,,,,091220,8,2.9%,2026-09-01,https://investments.miraeasset.com/tigeretf/ko/product/search/detail/index.do?ksdFund=KR7091220004,BNK금융지주,KRX:138930,연결,기준일 확인
ETF구성,Equity,Financials,Banks,139130,,KR,,,,091220,9,1.8%,2026-09-01,https://investments.miraeasset.com/tigeretf/ko/product/search/detail/index.do?ksdFund=KR7091220004,iM금융지주,KRX:139130,연결,기준일 확인
ETF구성,Equity,Information Technology,Semiconductors,KRD010010001,,US,,,,091220,10,0.6%,2026-09-01,https://investments.miraeasset.com/tigeretf/ko/product/search/detail/index.do?ksdFund=KR7091220004,원화예금,,시세 없음,기준일 확인
ETF구성,Equity,Information Technology,Memory Semiconductors,000660,,KR,,,,091230,1,37.0%,2026-09-01,https://investments.miraeasset.com/tigeretf/ko/product/search/detail/index.do?ksdFund=KR7091230003,SK하이닉스,KRX:000660,연결,기준일 확인
ETF구성,Equity,Information Technology,Semiconductors,005930,,KR,,,,091230,2,23.0%,2026-09-01,https://investments.miraeasset.com/tigeretf/ko/product/search/detail/index.do?ksdFund=KR7091230003,삼성전자,KRX:005930,연결,기준일 확인
ETF구성,Equity,Information Technology,Semiconductor Equipment,042700,,KR,,,,091230,3,6.1%,2026-09-01,https://investments.miraeasset.com/tigeretf/ko/product/search/detail/index.do?ksdFund=KR7091230003,한미반도체,KRX:042700,연결,기준일 확인
ETF구성,Equity,Information Technology,Semiconductors,036930,,KR,,,,091230,4,3.6%,2026-09-01,https://investments.miraeasset.com/tigeretf/ko/product/search/detail/index.do?ksdFund=KR7091230003,주성엔지니어링,KOSDAQ:036930,연결,기준일 확인
ETF구성,Equity,Information Technology,Semiconductors,240810,,KR,,,,091230,5,2.4%,2026-09-01,https://investments.miraeasset.com/tigeretf/ko/product/search/detail/index.do?ksdFund=KR7091230003,원익IPS,KOSDAQ:240810,연결,기준일 확인
ETF구성,Equity,Information Technology,Semiconductors,039030,,KR,,,,091230,6,2.2%,2026-09-01,https://investments.miraeasset.com/tigeretf/ko/product/search/detail/index.do?ksdFund=KR7091230003,이오테크닉스,KOSDAQ:039030,연결,기준일 확인
ETF구성,Equity,Information Technology,Semiconductor Equipment / Testing,058470,,KR,,,,091230,7,2.2%,2026-09-01,https://investments.miraeasset.com/tigeretf/ko/product/search/detail/index.do?ksdFund=KR7091230003,리노공업,KOSDAQ:058470,연결,기준일 확인
ETF구성,Equity,Information Technology,Semiconductors,403870,,KR,,,,091230,8,2.2%,2026-09-01,https://investments.miraeasset.com/tigeretf/ko/product/search/detail/index.do?ksdFund=KR7091230003,HPSP,KOSDAQ:403870,연결,기준일 확인
ETF구성,Equity,Information Technology,Semiconductors,222800,,KR,,,,091230,9,2.1%,2026-09-01,https://investments.miraeasset.com/tigeretf/ko/product/search/detail/index.do?ksdFund=KR7091230003,심텍,KOSDAQ:222800,연결,기준일 확인
ETF구성,Equity,Information Technology,Semiconductors,000990,,KR,,,,091230,10,1.9%,2026-09-01,https://investments.miraeasset.com/tigeretf/ko/product/search/detail/index.do?ksdFund=KR7091230003,DB하이텍,KRX:000990,연결,기준일 확인
ETF구성,Equity,Consumer Discretionary,Electric Vehicles,TSLA,,US,,,,ARKK,1,9.4%,2026-09-05,https://www.alphavantage.co/query?function=ETF_PROFILE&symbol=ARKK,TESLA INC,TSLA,연결,기준일 확인
ETF구성,Equity,Industrials,Space / Launch,SPACEX_PRIVATE,,US,,,,ARKK,2,5.9%,2026-09-05,https://www.alphavantage.co/query?function=ETF_PROFILE&symbol=ARKK,SPACE EXPLORATION TECHNOLOGIES CORP CLASS A,,시세 없음,기준일 확인
ETF구성,Equity,Health Care,AI Precision Medicine,TEM,,US,,,,ARKK,3,5.8%,2026-09-05,https://www.alphavantage.co/query?function=ETF_PROFILE&symbol=ARKK,TEMPUS AI INC CLASS A COMMON STOCK,TEM,연결,기준일 확인
ETF구성,Equity,Health Care,Biotechnology,CRSP,,US,,,,ARKK,4,5.0%,2026-09-05,https://www.alphavantage.co/query?function=ETF_PROFILE&symbol=ARKK,CRISPR THERAPEUTICS AG,,연결,기준일 확인
ETF구성,Equity,Digital Assets,Stablecoin Infrastructure,CRCL,,US,,,,ARKK,5,4.8%,2026-09-05,https://www.alphavantage.co/query?function=ETF_PROFILE&symbol=ARKK,CIRCLE INTERNET GROUP INC ORDINARY SHARES CLASS A,CRCL,연결,기준일 확인
ETF구성,Equity,Health Care,Life Science Tools,TWST,,US,,,,ARKK,6,4.3%,2026-09-05,https://www.alphavantage.co/query?function=ETF_PROFILE&symbol=ARKK,TWIST BIOSCIENCE CORP,,연결,기준일 확인
ETF구성,Equity,Financials,Crypto Exchange,COIN,,US,,,,ARKK,7,4.1%,2026-09-05,https://www.alphavantage.co/query?function=ETF_PROFILE&symbol=ARKK,COINBASE GLOBAL INC ORDINARY SHARES CLASS A,COIN,연결,기준일 확인
ETF구성,Equity,Information Technology,Cloud Computing,SHOP,,US,,,,ARKK,8,3.8%,2026-09-05,https://www.alphavantage.co/query?function=ETF_PROFILE&symbol=ARKK,SHOPIFY INC REGISTERED SHS -A- SUBORD VTG,SHOP,연결,기준일 확인
ETF구성,Equity,Information Technology,Enterprise AI Software,PLTR,,US,,,,ARKK,9,3.5%,2026-09-05,https://www.alphavantage.co/query?function=ETF_PROFILE&symbol=ARKK,PALANTIR TECHNOLOGIES INC ORDINARY SHARES CLASS A,PLTR,연결,기준일 확인
ETF구성,Equity,Financials,Digital Brokerage,HOOD,,US,,,,ARKK,10,3.4%,2026-09-05,https://www.alphavantage.co/query?function=ETF_PROFILE&symbol=ARKK,ROBINHOOD MARKETS INC CLASS A,HOOD,연결,기준일 확인
ETF구성,Equity,Digital Assets,Bitcoin Treasury,MSTR,,US,,,,GRNY,1,3.0%,2026-09-07,https://grannyshots.com/fundstrat-granny-shots-us-large-cap-etf/grny-holdings/,MicroStrategy Inc,MSTR,연결,기준일 확인
ETF구성,Equity,Financials,Digital Brokerage,HOOD,,US,,,,GRNY,2,2.9%,2026-09-07,https://grannyshots.com/fundstrat-granny-shots-us-large-cap-etf/grny-holdings/,"Robinhood Markets, Inc. Class A Common Stock",HOOD,연결,기준일 확인
ETF구성,Equity,Industrials,Machinery,DE,,US,,,,GRNY,3,2.7%,2026-09-07,https://grannyshots.com/fundstrat-granny-shots-us-large-cap-etf/grny-holdings/,Deere & Company,DE,연결,기준일 확인
ETF구성,Equity,Information Technology,Cloud / Database,ORCL,,US,,,,GRNY,4,2.6%,2026-09-07,https://grannyshots.com/fundstrat-granny-shots-us-large-cap-etf/grny-holdings/,Oracle Corp,ORCL,연결,기준일 확인
ETF구성,Equity,Information Technology,Cloud Computing,NOW,,US,,,,GRNY,5,2.6%,2026-09-07,https://grannyshots.com/fundstrat-granny-shots-us-large-cap-etf/grny-holdings/,"SERVICENOW, INC.",NOW,연결,기준일 확인
ETF구성,Equity,Industrials,Data Center Power & Cooling,VRT,,US,,,,GRNY,6,2.6%,2026-09-07,https://grannyshots.com/fundstrat-granny-shots-us-large-cap-etf/grny-holdings/,Vertiv Holdings Co Class A Common Stock,VRT,연결,기준일 확인
ETF구성,Equity,Industrials,Space / Launch,SPACEX_PRIVATE,,US,,,,GRNY,7,2.6%,2026-09-07,https://grannyshots.com/fundstrat-granny-shots-us-large-cap-etf/grny-holdings/,Space Exploration Technologies Corp. Class A Common Stock,,시세 없음,기준일 확인
ETF구성,Equity,Information Technology,Memory Semiconductors,MU,,US,,,,GRNY,8,2.5%,2026-09-07,https://grannyshots.com/fundstrat-granny-shots-us-large-cap-etf/grny-holdings/,"Micron Technology, Inc.",MU,연결,기준일 확인
ETF구성,Equity,Materials,Copper Mining,FCX,,US,,,,GRNY,9,2.5%,2026-09-07,https://grannyshots.com/fundstrat-granny-shots-us-large-cap-etf/grny-holdings/,Freeport-McMoran Inc.,FCX,연결,기준일 확인
ETF구성,Equity,Information Technology,Semiconductors,INTC,,US,,,,GRNY,10,2.5%,2026-09-07,https://grannyshots.com/fundstrat-granny-shots-us-large-cap-etf/grny-holdings/,Intel Corp,INTC,연결,기준일 확인
ETF구성,Equity,Information Technology,Semiconductors,NVDA,,US,,,,XLK,1,13.9%,2026-09-05,https://www.alphavantage.co/query?function=ETF_PROFILE&symbol=XLK,NVIDIA CORP,NVDA,연결,기준일 확인
ETF구성,Equity,Information Technology,Consumer Electronics,AAPL,,US,,,,XLK,2,12.6%,2026-09-05,https://www.alphavantage.co/query?function=ETF_PROFILE&symbol=XLK,APPLE INC,AAPL,연결,기준일 확인
ETF구성,Equity,Information Technology,Software / Cloud,MSFT,,US,,,,XLK,3,10.1%,2026-09-05,https://www.alphavantage.co/query?function=ETF_PROFILE&symbol=XLK,MICROSOFT CORP,MSFT,연결,기준일 확인
ETF구성,Equity,Information Technology,Semiconductors,AVGO,,US,,,,XLK,4,4.6%,2026-09-05,https://www.alphavantage.co/query?function=ETF_PROFILE&symbol=XLK,BROADCOM INC,AVGO,연결,기준일 확인
ETF구성,Equity,Information Technology,Semiconductors,AMD,,US,,,,XLK,5,4.1%,2026-09-05,https://www.alphavantage.co/query?function=ETF_PROFILE&symbol=XLK,ADVANCED MICRO DEVICES INC,AMD,연결,기준일 확인
ETF구성,Equity,Information Technology,Memory Semiconductors,MU,,US,,,,XLK,6,4.0%,2026-09-05,https://www.alphavantage.co/query?function=ETF_PROFILE&symbol=XLK,MICRON TECHNOLOGY INC,MU,연결,기준일 확인
ETF구성,Equity,Information Technology,Technology Sector,CSCO,,US,,,,XLK,7,3.0%,2026-09-05,https://www.alphavantage.co/query?function=ETF_PROFILE&symbol=XLK,CISCO SYSTEMS INC,CSCO,연결,기준일 확인
ETF구성,Equity,Information Technology,Semiconductors,INTC,,US,,,,XLK,8,2.9%,2026-09-05,https://www.alphavantage.co/query?function=ETF_PROFILE&symbol=XLK,INTEL CORP,INTC,연결,기준일 확인
ETF구성,Equity,Information Technology,Enterprise AI Software,PLTR,,US,,,,XLK,9,2.7%,2026-09-05,https://www.alphavantage.co/query?function=ETF_PROFILE&symbol=XLK,n/a,PLTR,연결,기준일 확인
ETF구성,Equity,Information Technology,Semiconductors,LRCX,,US,,,,XLK,10,2.6%,2026-09-05,https://www.alphavantage.co/query?function=ETF_PROFILE&symbol=XLK,LAM RESEARCH CORP,LRCX,연결,기준일 확인
ETF구성,Equity,Information Technology,Semiconductors,ADI,,US,,,,SMH,9,4.3%,2026-09-10,https://www.vaneck.com/us/en/investments/semiconductor-etf-smh,Analog Devices Inc,ADI,연결,기준일 확인
ETF구성,Equity,Information Technology,Semiconductors,TXN,,US,,,,SMH,10,4.3%,2026-09-10,https://www.vaneck.com/us/en/investments/semiconductor-etf-smh,Texas Instruments Inc,TXN,연결,기준일 확인
ETF구성,Equity,Information Technology,Semiconductors,QCOM,,US,,,,SMH,12,4.2%,2026-09-10,https://www.vaneck.com/us/en/investments/semiconductor-etf-smh,Qualcomm Inc,QCOM,연결,기준일 확인
ETF구성,Equity,Information Technology,EDA Software,CDNS,,US,,,,SMH,15,1.9%,2026-09-10,https://www.vaneck.com/us/en/investments/semiconductor-etf-smh,Cadence Design Systems Inc,CDNS,연결,기준일 확인
ETF구성,Equity,Information Technology,EDA Software,SNPS,,US,,,,SMH,16,1.9%,2026-09-10,https://www.vaneck.com/us/en/investments/semiconductor-etf-smh,Synopsys Inc,SNPS,연결,기준일 확인
ETF구성,Equity,Information Technology,Semiconductor IP,ARM,,US,,,,SMH,21,1.0%,2026-09-10,https://www.vaneck.com/us/en/investments/semiconductor-etf-smh,Arm Holdings Plc,ARM,연결,기준일 확인
ETF구성,Equity,Information Technology,Data Center Connectivity Semiconductors,ALAB,,US,,,,SMH,22,0.9%,2026-09-10,https://www.vaneck.com/us/en/investments/semiconductor-etf-smh,Astera Labs Inc,ALAB,연결,기준일 확인
ETF구성,Equity,Information Technology,Cybersecurity,PANW,,US,,,,CIBR,1,8.9%,2026-09-11,https://www.ftportfolios.com/Retail/Etf/EtfHoldings.aspx?Ticker=CIBR,Palo Alto Networks Inc,PANW,연결,기준일 확인
ETF구성,Equity,Information Technology,Cybersecurity,FTNT,,US,,,,CIBR,3,8.6%,2026-09-11,https://www.ftportfolios.com/Retail/Etf/EtfHoldings.aspx?Ticker=CIBR,Fortinet Inc,FTNT,연결,기준일 확인
ETF구성,Equity,Information Technology,Cybersecurity / Edge Cloud,NET,,US,,,,CIBR,6,4.8%,2026-09-11,https://www.ftportfolios.com/Retail/Etf/EtfHoldings.aspx?Ticker=CIBR,Cloudflare Inc Class A,NET,연결,기준일 확인
ETF구성,Equity,Information Technology,Identity Security,OKTA,,US,,,,CIBR,7,4.1%,2026-09-11,https://www.ftportfolios.com/Retail/Etf/EtfHoldings.aspx?Ticker=CIBR,Okta Inc,OKTA,연결,기준일 확인
ETF구성,Equity,Information Technology,Cloud Security,ZS,,US,,,,CIBR,8,3.4%,2026-09-11,https://www.ftportfolios.com/Retail/Etf/EtfHoldings.aspx?Ticker=CIBR,Zscaler Inc,ZS,연결,기준일 확인
ETF구성,Equity,Information Technology,Data Security / Backup,RBRK,,US,,,,CIBR,10,2.7%,2026-09-11,https://www.ftportfolios.com/Retail/Etf/EtfHoldings.aspx?Ticker=CIBR,Rubrik Inc Class A,RBRK,연결,기준일 확인
ETF구성,Equity,Information Technology,Observability / Cloud Monitoring,DDOG,,US,,,,CIBR,23,1.7%,2026-09-11,https://www.ftportfolios.com/Retail/Etf/EtfHoldings.aspx?Ticker=CIBR,Datadog Inc Class A,DDOG,연결,기준일 확인
ETF구성,Equity,Industrials,Building Controls / Cooling,JCI,,US,,,,GRID,3,8.5%,2026-09-11,https://www.ftportfolios.com/Retail/Etf/EtfHoldings.aspx?Ticker=GRID,Johnson Controls International Plc,JCI,연결,기준일 확인
ETF구성,Equity,Industrials,Industrial Automation,EMR,,US,,,,GRID,48,0.4%,2026-09-11,https://www.ftportfolios.com/Retail/Etf/EtfHoldings.aspx?Ticker=GRID,Emerson Electric Co,EMR,연결,기준일 확인
ETF구성,Equity,Industrials,Electrical Equipment / Enclosures,NVT,,US,,,,GRID,9,2.9%,2026-09-11,https://www.ftportfolios.com/Retail/Etf/EtfHoldings.aspx?Ticker=GRID,nVent Electric plc,NVT,연결,기준일 확인
ETF구성,Equity,Industrials,Electrical Equipment,HUBB,,US,,,,GRID,10,2.4%,2026-09-11,https://www.ftportfolios.com/Retail/Etf/EtfHoldings.aspx?Ticker=GRID,Hubbell Incorporated,HUBB,연결,기준일 확인
ETF구성,Equity,Industrials,Nuclear Components / Defense,BWXT,,US,,,,NLR,6,5.4%,2026-09-03,https://www.vaneck.com/us/en/investments/uranium-nuclear-energy-etf-nlr,BWX Technologies Inc,BWXT,연결,기준일 확인
ETF구성,Equity,Energy,Uranium Enrichment / Nuclear Fuel,LEU,,US,,,,NLR,10,5.0%,2026-09-03,https://www.vaneck.com/us/en/investments/uranium-nuclear-energy-etf-nlr,Centrus Energy Corp,LEU,연결,기준일 확인
ETF구성,Equity,Industrials,Small Modular Reactors,SMR,,US,,,,NLR,12,4.5%,2026-09-03,https://www.vaneck.com/us/en/investments/uranium-nuclear-energy-etf-nlr,NuScale Power Corp,SMR,연결,기준일 확인
ETF구성,Equity,Utilities,Advanced Nuclear Power,OKLO,,US,,,,NLR,15,3.9%,2026-09-03,https://www.vaneck.com/us/en/investments/uranium-nuclear-energy-etf-nlr,Oklo Inc,OKLO,연결,기준일 확인
ETF구성,Equity,Industrials,Public Safety / Defense Tech,AXON,,US,,,,XAR,4,3.3%,2026-09-09,https://www.ssga.com/us/en/individual/etfs/state-street-spdr-sp-aerospace-defense-etf-xar,Axon Enterprise Inc,AXON,연결,기준일 확인
ETF구성,Equity,Industrials,Aerospace Materials,HXL,,US,,,,XAR,10,2.9%,2026-09-09,https://www.ssga.com/us/en/individual/etfs/state-street-spdr-sp-aerospace-defense-etf-xar,Hexcel Corp,HXL,연결,기준일 확인
ETF구성,Equity,Information Technology,Cloud Computing,SNOW,,US,,,,CLOU,1,7.2%,2026-09-18,https://assets.globalxetfs.com/funds/holdings/clou_full-holdings_20260918.csv,SNOWFLAKE INC,SNOW,연결,기준일 확인
ETF구성,Equity,Information Technology,Cloud Computing,PAYC,,US,,,,CLOU,2,5.3%,2026-09-18,https://assets.globalxetfs.com/funds/holdings/clou_full-holdings_20260918.csv,PAYCOM SOFTWARE INC,PAYC,연결,기준일 확인
ETF구성,Equity,Information Technology,Observability / Cloud Monitoring,DDOG,,US,,,,CLOU,3,5.1%,2026-09-18,https://assets.globalxetfs.com/funds/holdings/clou_full-holdings_20260918.csv,DATADOG INC - CLASS A,DDOG,연결,기준일 확인
ETF구성,Equity,Information Technology,Cloud Computing,TWLO,,US,,,,CLOU,4,4.9%,2026-09-18,https://assets.globalxetfs.com/funds/holdings/clou_full-holdings_20260918.csv,TWILIO INC - A,TWLO,연결,기준일 확인
ETF구성,Equity,Information Technology,Cloud Computing,WDAY,,US,,,,CLOU,5,4.7%,2026-09-18,https://assets.globalxetfs.com/funds/holdings/clou_full-holdings_20260918.csv,WORKDAY INC-CLASS A,WDAY,연결,기준일 확인
ETF구성,Equity,Information Technology,Cybersecurity / Edge Cloud,NET,,US,,,,CLOU,6,4.7%,2026-09-18,https://assets.globalxetfs.com/funds/holdings/clou_full-holdings_20260918.csv,CLOUDFLARE INC - CLASS A,NET,연결,기준일 확인
ETF구성,Equity,Information Technology,Cloud Computing,NOW,,US,,,,CLOU,7,4.5%,2026-09-18,https://assets.globalxetfs.com/funds/holdings/clou_full-holdings_20260918.csv,SERVICENOW INC,NOW,연결,기준일 확인
ETF구성,Equity,Information Technology,Cloud Security,ZS,,US,,,,CLOU,8,4.5%,2026-09-18,https://assets.globalxetfs.com/funds/holdings/clou_full-holdings_20260918.csv,ZSCALER INC,ZS,연결,기준일 확인
ETF구성,Equity,Information Technology,Cloud Computing,DOCN,,US,,,,CLOU,9,4.0%,2026-09-18,https://assets.globalxetfs.com/funds/holdings/clou_full-holdings_20260918.csv,DIGITALOCEAN HOLDINGS INC,DOCN,연결,기준일 확인
ETF구성,Equity,Information Technology,Cloud Computing,CRM,,US,,,,CLOU,10,4.0%,2026-09-18,https://assets.globalxetfs.com/funds/holdings/clou_full-holdings_20260918.csv,SALESFORCE INC,CRM,연결,기준일 확인
ETF구성,Equity,Information Technology,Cloud Computing,QLYS,,US,,,,CLOU,11,3.9%,2026-09-18,https://assets.globalxetfs.com/funds/holdings/clou_full-holdings_20260918.csv,QUALYS INC,QLYS,연결,기준일 확인
ETF구성,Equity,Information Technology,Cloud Computing,DBX,,US,,,,CLOU,12,3.7%,2026-09-18,https://assets.globalxetfs.com/funds/holdings/clou_full-holdings_20260918.csv,DROPBOX INC-CLASS A,DBX,연결,기준일 확인
ETF구성,Equity,Information Technology,Cloud Computing,SHOP,,US,,,,CLOU,13,3.1%,2026-09-18,https://assets.globalxetfs.com/funds/holdings/clou_full-holdings_20260918.csv,SHOPIFY INC - CLASS A,SHOP,연결,기준일 확인
ETF구성,Equity,Information Technology,Cloud Computing,AKAM,,US,,,,CLOU,14,3.0%,2026-09-18,https://assets.globalxetfs.com/funds/holdings/clou_full-holdings_20260918.csv,AKAMAI TECHNOLOGIES INC,AKAM,연결,기준일 확인
ETF구성,Equity,Information Technology,Cloud Computing,BOX,,US,,,,CLOU,15,2.9%,2026-09-18,https://assets.globalxetfs.com/funds/holdings/clou_full-holdings_20260918.csv,BOX INC - CLASS A,BOX,연결,기준일 확인
ETF구성,Equity,Information Technology,Cloud Computing,HUBS,,US,,,,CLOU,16,2.9%,2026-09-18,https://assets.globalxetfs.com/funds/holdings/clou_full-holdings_20260918.csv,HUBSPOT INC,HUBS,연결,기준일 확인
ETF구성,Equity,Information Technology,Cloud Computing,ZM,,US,,,,CLOU,17,2.7%,2026-09-18,https://assets.globalxetfs.com/funds/holdings/clou_full-holdings_20260918.csv,ZOOM COMMUNICATIONS INC,ZM,연결,기준일 확인
ETF구성,Equity,Information Technology,Cloud Computing,WIX,,US,,,,CLOU,18,2.7%,2026-09-18,https://assets.globalxetfs.com/funds/holdings/clou_full-holdings_20260918.csv,WIX.COM LTD,WIX,연결,기준일 확인
ETF구성,Equity,Real Estate,Data Center REIT,DLR,,US,,,,CLOU,19,2.7%,2026-09-18,https://assets.globalxetfs.com/funds/holdings/clou_full-holdings_20260918.csv,DIGITAL REALTY TRUST INC,DLR,연결,기준일 확인
ETF구성,Equity,Information Technology,Cloud Computing,PCOR,,US,,,,CLOU,20,2.7%,2026-09-18,https://assets.globalxetfs.com/funds/holdings/clou_full-holdings_20260918.csv,PROCORE TECHNOLOGIES INC,PCOR,연결,기준일 확인
ETF구성,Equity,Information Technology,Cloud Computing,WK,,US,,,,CLOU,21,2.4%,2026-09-18,https://assets.globalxetfs.com/funds/holdings/clou_full-holdings_20260918.csv,WORKIVA INC,WK,연결,기준일 확인
ETF구성,Equity,Information Technology,Cloud Computing,FSLY,,US,,,,CLOU,22,2.3%,2026-09-18,https://assets.globalxetfs.com/funds/holdings/clou_full-holdings_20260918.csv,FASTLY INC - CLASS A,FSLY,연결,기준일 확인
ETF구성,Equity,Information Technology,Cloud Computing,SINCH,,US,,,,CLOU,23,2.2%,2026-09-18,https://assets.globalxetfs.com/funds/holdings/clou_full-holdings_20260918.csv,SINCH AB,,시장·통화 확인,기준일 확인
ETF구성,Equity,Information Technology,Cloud Computing,FRSH,,US,,,,CLOU,24,1.9%,2026-09-18,https://assets.globalxetfs.com/funds/holdings/clou_full-holdings_20260918.csv,FRESHWORKS INC-CL A,FRSH,연결,기준일 확인
ETF구성,Equity,Information Technology,Cloud Computing,SPSC,,US,,,,CLOU,25,1.8%,2026-09-18,https://assets.globalxetfs.com/funds/holdings/clou_full-holdings_20260918.csv,SPS COMMERCE INC,SPSC,연결,기준일 확인
ETF구성,Equity,Information Technology,Software / Cloud,MSFT,,US,,,,CLOU,26,1.8%,2026-09-18,https://assets.globalxetfs.com/funds/holdings/clou_full-holdings_20260918.csv,MICROSOFT CORP,MSFT,연결,기준일 확인
ETF구성,Equity,Information Technology,Cloud Computing,FIVN,,US,,,,CLOU,27,1.6%,2026-09-18,https://assets.globalxetfs.com/funds/holdings/clou_full-holdings_20260918.csv,FIVE9 INC,FIVN,연결,기준일 확인
ETF구성,Equity,Consumer Discretionary,E-Commerce,AMZN,,US,,,,CLOU,28,1.4%,2026-09-18,https://assets.globalxetfs.com/funds/holdings/clou_full-holdings_20260918.csv,AMAZON.COM INC,AMZN,연결,기준일 확인
ETF구성,Equity,Communication Services,Internet Platforms / Advertising,GOOGL,,US,,,,CLOU,29,1.3%,2026-09-18,https://assets.globalxetfs.com/funds/holdings/clou_full-holdings_20260918.csv,ALPHABET INC-CL A,GOOGL,연결,기준일 확인
ETF구성,Equity,Information Technology,Cloud Computing,VNET,,US,,,,CLOU,30,1.1%,2026-09-18,https://assets.globalxetfs.com/funds/holdings/clou_full-holdings_20260918.csv,VNET GROUP INCORPORATION,VNET,연결,기준일 확인
ETF구성,Equity,Information Technology,Cloud Computing,AI,,US,,,,CLOU,31,0.9%,2026-09-18,https://assets.globalxetfs.com/funds/holdings/clou_full-holdings_20260918.csv,C3.AI INC-A,AI,연결,기준일 확인
ETF구성,Equity,Information Technology,Cloud Computing,YEXT,,US,,,,CLOU,32,0.5%,2026-09-18,https://assets.globalxetfs.com/funds/holdings/clou_full-holdings_20260918.csv,YEXT INC,YEXT,연결,기준일 확인
ETF구성,Equity,Information Technology,Cloud Computing,PUBM,,US,,,,CLOU,33,0.4%,2026-09-18,https://assets.globalxetfs.com/funds/holdings/clou_full-holdings_20260918.csv,PUBMATIC INC-CLASS A,PUBM,연결,기준일 확인
ETF구성,Equity,Information Technology,Cloud / Database,ORCL,,US,,,,CLOU,34,0.4%,2026-09-18,https://assets.globalxetfs.com/funds/holdings/clou_full-holdings_20260918.csv,ORACLE CORP,ORCL,연결,기준일 확인
ETF구성,Equity,Information Technology,Cloud Computing,004716,,KR,,,,CLOU,35,0.2%,2026-09-18,https://assets.globalxetfs.com/funds/holdings/clou_full-holdings_20260918.csv,ORACLE CORP JAPAN,,시세 없음,기준일 확인
ETF구성,Equity,Information Technology,Cloud Computing,BABA,,US,,,,CLOU,36,0.2%,2026-09-18,https://assets.globalxetfs.com/funds/holdings/clou_full-holdings_20260918.csv,ALIBABA GROUP HOLDING-SP ADR,BABA,연결,기준일 확인
ETF구성,Equity,Information Technology,Cloud Computing,IBM,,US,,,,CLOU,37,0.2%,2026-09-18,https://assets.globalxetfs.com/funds/holdings/clou_full-holdings_20260918.csv,INTL BUSINESS MACHINES CORP,IBM,연결,기준일 확인
ETF구성,Equity,Information Technology,Cloud Computing,KC,,US,,,,CLOU,38,0.1%,2026-09-18,https://assets.globalxetfs.com/funds/holdings/clou_full-holdings_20260918.csv,KINGSOFT CLOUD HOLDINGS-ADR,KC,연결,기준일 확인
ETF구성,Equity,Information Technology,Identity Security,OKTA,,US,,,,BUG,1,9.0%,2026-09-18,https://assets.globalxetfs.com/funds/holdings/bug_full-holdings_20260918.csv,OKTA INC,OKTA,연결,기준일 확인
ETF구성,Equity,Information Technology,Cybersecurity,CRWD,,US,,,,BUG,2,7.8%,2026-09-18,https://assets.globalxetfs.com/funds/holdings/bug_full-holdings_20260918.csv,CROWDSTRIKE HOLDINGS INC - A,CRWD,연결,기준일 확인
ETF구성,Equity,Information Technology,Cybersecurity,PANW,,US,,,,BUG,3,7.4%,2026-09-18,https://assets.globalxetfs.com/funds/holdings/bug_full-holdings_20260918.csv,PALO ALTO NETWORKS INC,PANW,연결,기준일 확인
ETF구성,Equity,Information Technology,Cybersecurity,FTNT,,US,,,,BUG,4,7.3%,2026-09-18,https://assets.globalxetfs.com/funds/holdings/bug_full-holdings_20260918.csv,FORTINET INC,FTNT,연결,기준일 확인
ETF구성,Equity,Information Technology,Cloud Computing,QLYS,,US,,,,BUG,5,5.5%,2026-09-18,https://assets.globalxetfs.com/funds/holdings/bug_full-holdings_20260918.csv,QUALYS INC,QLYS,연결,기준일 확인
ETF구성,Equity,Information Technology,Cloud Security,ZS,,US,,,,BUG,6,5.5%,2026-09-18,https://assets.globalxetfs.com/funds/holdings/bug_full-holdings_20260918.csv,ZSCALER INC,ZS,연결,기준일 확인
ETF구성,Equity,Information Technology,Data Security / Backup,RBRK,,US,,,,BUG,7,5.5%,2026-09-18,https://assets.globalxetfs.com/funds/holdings/bug_full-holdings_20260918.csv,RUBRIK INC-A,RBRK,연결,기준일 확인
ETF구성,Equity,Information Technology,Cybersecurity,VRNS,,US,,,,BUG,8,4.9%,2026-09-18,https://assets.globalxetfs.com/funds/holdings/bug_full-holdings_20260918.csv,VARONIS SYSTEMS INC,VRNS,연결,기준일 확인
ETF구성,Equity,Information Technology,Cybersecurity,NTSK,,US,,,,BUG,9,4.8%,2026-09-18,https://assets.globalxetfs.com/funds/holdings/bug_full-holdings_20260918.csv,NETSKOPE INC-CL A,NTSK,연결,기준일 확인
ETF구성,Equity,Information Technology,Cybersecurity,SAIL,,US,,,,BUG,10,4.7%,2026-09-18,https://assets.globalxetfs.com/funds/holdings/bug_full-holdings_20260918.csv,SAILPOINT INC,SAIL,연결,기준일 확인
ETF구성,Equity,Information Technology,Cybersecurity,TENB,,US,,,,BUG,11,4.6%,2026-09-18,https://assets.globalxetfs.com/funds/holdings/bug_full-holdings_20260918.csv,TENABLE HOLDINGS INC,TENB,연결,기준일 확인
ETF구성,Equity,Information Technology,Cybersecurity,S,,US,,,,BUG,12,4.3%,2026-09-18,https://assets.globalxetfs.com/funds/holdings/bug_full-holdings_20260918.csv,SENTINELONE INC -CLASS A,S,연결,기준일 확인
ETF구성,Equity,Information Technology,Cybersecurity,GEN,,US,,,,BUG,13,4.1%,2026-09-18,https://assets.globalxetfs.com/funds/holdings/bug_full-holdings_20260918.csv,GEN DIGITAL INC,GEN,연결,기준일 확인
ETF구성,Equity,Information Technology,Cybersecurity,CVLT,,US,,,,BUG,14,4.0%,2026-09-18,https://assets.globalxetfs.com/funds/holdings/bug_full-holdings_20260918.csv,COMMVAULT SYSTEMS INC,CVLT,연결,기준일 확인
ETF구성,Equity,Information Technology,Cloud Computing,AKAM,,US,,,,BUG,15,3.7%,2026-09-18,https://assets.globalxetfs.com/funds/holdings/bug_full-holdings_20260918.csv,AKAMAI TECHNOLOGIES INC,AKAM,연결,기준일 확인
ETF구성,Equity,Information Technology,Cybersecurity,004704,,KR,,,,BUG,16,3.3%,2026-09-18,https://assets.globalxetfs.com/funds/holdings/bug_full-holdings_20260918.csv,TREND MICRO INC,,시세 없음,기준일 확인
ETF구성,Equity,Information Technology,Cybersecurity,CHKP,,US,,,,BUG,17,3.2%,2026-09-18,https://assets.globalxetfs.com/funds/holdings/bug_full-holdings_20260918.csv,CHECK POINT SOFTWARE TECH,CHKP,연결,기준일 확인
ETF구성,Equity,Information Technology,Cybersecurity,ATEN,,US,,,,BUG,18,2.4%,2026-09-18,https://assets.globalxetfs.com/funds/holdings/bug_full-holdings_20260918.csv,A10 NETWORKS INC,ATEN,연결,기준일 확인
ETF구성,Equity,Information Technology,Cybersecurity,RDWR,,US,,,,BUG,19,1.6%,2026-09-18,https://assets.globalxetfs.com/funds/holdings/bug_full-holdings_20260918.csv,RADWARE LTD,RDWR,연결,기준일 확인
ETF구성,Equity,Information Technology,Cybersecurity,RPD,,US,,,,BUG,20,1.0%,2026-09-18,https://assets.globalxetfs.com/funds/holdings/bug_full-holdings_20260918.csv,RAPID7 INC,RPD,연결,기준일 확인
ETF구성,Equity,Information Technology,Cybersecurity,OSPN,,US,,,,BUG,21,0.9%,2026-09-18,https://assets.globalxetfs.com/funds/holdings/bug_full-holdings_20260918.csv,ONESPAN INC,OSPN,연결,기준일 확인
ETF구성,Equity,Information Technology,Cybersecurity,053800,,KR,,,,BUG,22,0.7%,2026-09-18,https://assets.globalxetfs.com/funds/holdings/bug_full-holdings_20260918.csv,AHNLAB INC,KOSDAQ:053800,연결,기준일 확인
ETF구성,Equity,Information Technology,Cybersecurity,NCC,,US,,,,BUG,23,0.6%,2026-09-18,https://assets.globalxetfs.com/funds/holdings/bug_full-holdings_20260918.csv,NCC GROUP PLC,,시장·통화 확인,기준일 확인
ETF구성,Equity,Information Technology,Cybersecurity,002326,,KR,,,,BUG,24,0.6%,2026-09-18,https://assets.globalxetfs.com/funds/holdings/bug_full-holdings_20260918.csv,DIGITAL ARTS INC,,시세 없음,기준일 확인
ETF구성,Equity,Information Technology,Cybersecurity,003692,,KR,,,,BUG,25,0.5%,2026-09-18,https://assets.globalxetfs.com/funds/holdings/bug_full-holdings_20260918.csv,FFRI SECURITY INC,,시세 없음,기준일 확인
ETF구성,Equity,Information Technology,Cybersecurity,GRRR,,US,,,,BUG,26,0.5%,2026-09-18,https://assets.globalxetfs.com/funds/holdings/bug_full-holdings_20260918.csv,GORILLA TECHNOLOGY GROUP INC,GRRR,연결,기준일 확인
ETF구성,Equity,Information Technology,Cybersecurity,TLS,,US,,,,BUG,27,0.4%,2026-09-18,https://assets.globalxetfs.com/funds/holdings/bug_full-holdings_20260918.csv,TELOS CORPORATION,TLS,연결,기준일 확인
ETF구성,Equity,Information Technology,Cybersecurity,004258,,KR,,,,BUG,28,0.4%,2026-09-18,https://assets.globalxetfs.com/funds/holdings/bug_full-holdings_20260918.csv,AMIYA CORP,,시세 없음,기준일 확인
ETF구성,Equity,Information Technology,Cybersecurity,004475,,KR,,,,BUG,29,0.3%,2026-09-18,https://assets.globalxetfs.com/funds/holdings/bug_full-holdings_20260918.csv,HENNGE KK,,시세 없음,기준일 확인
ETF구성,Equity,Information Technology,Cybersecurity,ARQQ,,US,,,,BUG,30,0.3%,2026-09-18,https://assets.globalxetfs.com/funds/holdings/bug_full-holdings_20260918.csv,ARQIT QUANTUM INC,ARQQ,연결,기준일 확인
ETF구성,Equity,Information Technology,Cybersecurity,NQZ6 INDEX,,US,,,,BUG,32,0.0%,2026-09-18,https://assets.globalxetfs.com/funds/holdings/bug_full-holdings_20260918.csv,NASDAQ 100 E-MINI DEC26,,시세 없음,기준일 확인
ETF구성,Equity,Energy,Refining,MPC,,US,,,,CRAK,1,9.3%,2026-09-17,https://www.vaneck.com/us/en/etf/equity/crak/holdings/download/xlsx/,Marathon Petroleum Corp,MPC,연결,기준일 확인
ETF구성,Equity,Energy,Refining,VLO,,US,,,,CRAK,2,8.1%,2026-09-17,https://www.vaneck.com/us/en/etf/equity/crak/holdings/download/xlsx/,Valero Energy Corp,VLO,연결,기준일 확인
ETF구성,Equity,Energy,Oil Refining,PSX,,US,,,,CRAK,3,7.1%,2026-09-17,https://www.vaneck.com/us/en/etf/equity/crak/holdings/download/xlsx/,Phillips 66,PSX,연결,기준일 확인
ETF구성,Equity,Energy,Oil Refining,RIGD,,US,,,,CRAK,4,6.5%,2026-09-17,https://www.vaneck.com/us/en/etf/equity/crak/holdings/download/xlsx/,Reliance Industries Ltd,,시세 없음,기준일 확인
ETF구성,Equity,Energy,Oil Refining,DINO,,US,,,,CRAK,5,5.4%,2026-09-17,https://www.vaneck.com/us/en/etf/equity/crak/holdings/download/xlsx/,Hf Sinclair Corp,DINO,연결,기준일 확인
ETF구성,Equity,Energy,Oil Refining,NESTE,,US,,,,CRAK,6,4.8%,2026-09-17,https://www.vaneck.com/us/en/etf/equity/crak/holdings/download/xlsx/,Neste Oyj,,시장·통화 확인,기준일 확인
ETF구성,Equity,Energy,Oil Refining,005020,,KR,,,,CRAK,7,4.6%,2026-09-17,https://www.vaneck.com/us/en/etf/equity/crak/holdings/download/xlsx/,Eneos Holdings Inc,,시세 없음,기준일 확인
ETF구성,Equity,Energy,Oil Refining,PKN,,US,,,,CRAK,8,4.5%,2026-09-17,https://www.vaneck.com/us/en/etf/equity/crak/holdings/download/xlsx/,Orlen Sa,,시장·통화 확인,기준일 확인
ETF구성,Equity,Materials,Chemicals & Energy Materials,096770,,KR,,,,CRAK,9,4.3%,2026-09-17,https://www.vaneck.com/us/en/etf/equity/crak/holdings/download/xlsx/,Sk Innovation Co Ltd,KRX:096770,연결,기준일 확인
ETF구성,Equity,Energy,Oil Refining,005019,,KR,,,,CRAK,10,4.2%,2026-09-17,https://www.vaneck.com/us/en/etf/equity/crak/holdings/download/xlsx/,Idemitsu Kosan Co Ltd,,시세 없음,기준일 확인
ETF구성,Equity,Energy,Oil Refining,TUPRS,,US,,,,CRAK,11,4.1%,2026-09-17,https://www.vaneck.com/us/en/etf/equity/crak/holdings/download/xlsx/,Turkiye Petrol Rafinerileri As,,시장·통화 확인,기준일 확인
ETF구성,Equity,Energy,Oil Refining,MOL,,US,,,,CRAK,12,4.1%,2026-09-17,https://www.vaneck.com/us/en/etf/equity/crak/holdings/download/xlsx/,Mol Hungarian Oil & Gas Plc,,시장·통화 확인,기준일 확인
ETF구성,Equity,Energy,Oil Refining,OMV,,US,,,,CRAK,13,4.1%,2026-09-17,https://www.vaneck.com/us/en/etf/equity/crak/holdings/download/xlsx/,Omv Ag,,시장·통화 확인,기준일 확인
ETF구성,Equity,Energy,Oil Refining,GALP,,US,,,,CRAK,14,3.7%,2026-09-17,https://www.vaneck.com/us/en/etf/equity/crak/holdings/download/xlsx/,Galp Energia Sgps Sa,,시장·통화 확인,기준일 확인
ETF구성,Equity,Materials,Chemicals & Energy Materials,267250,,KR,,,,CRAK,15,3.4%,2026-09-17,https://www.vaneck.com/us/en/etf/equity/crak/holdings/download/xlsx/,Hd Hyundai,KRX:267250,연결,기준일 확인
ETF구성,Equity,Energy,Oil Refining,PBF,,US,,,,CRAK,16,3.0%,2026-09-17,https://www.vaneck.com/us/en/etf/equity/crak/holdings/download/xlsx/,Pbf Energy Inc,PBF,연결,기준일 확인
ETF구성,Equity,Energy,Oil Refining,ALD,,US,,,,CRAK,17,2.9%,2026-09-17,https://www.vaneck.com/us/en/etf/equity/crak/holdings/download/xlsx/,Ampol Ltd,,시장·통화 확인,기준일 확인
ETF구성,Equity,Energy,Oil Refining,MOH,,US,,,,CRAK,18,2.7%,2026-09-17,https://www.vaneck.com/us/en/etf/equity/crak/holdings/download/xlsx/,Motor Oil Hellas Corinth Refineries Sa,,연결,기준일 확인
ETF구성,Equity,Energy,Oil Refining,006505,,KR,,,,CRAK,19,2.4%,2026-09-17,https://www.vaneck.com/us/en/etf/equity/crak/holdings/download/xlsx/,Formosa Petrochemical Corp,,시세 없음,기준일 확인
ETF구성,Equity,Materials,Chemicals & Energy Materials,010950,,KR,,,,CRAK,20,2.4%,2026-09-17,https://www.vaneck.com/us/en/etf/equity/crak/holdings/download/xlsx/,S-Oil Corp,KRX:010950,연결,기준일 확인
ETF구성,Equity,Energy,Oil Refining,DK,,US,,,,CRAK,21,2.2%,2026-09-17,https://www.vaneck.com/us/en/etf/equity/crak/holdings/download/xlsx/,Delek Us Holdings Inc,DK,연결,기준일 확인
ETF구성,Equity,Energy,Oil Refining,005021,,KR,,,,CRAK,22,2.0%,2026-09-17,https://www.vaneck.com/us/en/etf/equity/crak/holdings/download/xlsx/,Cosmo Energy Holdings Co Ltd,,시세 없음,기준일 확인
ETF구성,Equity,Energy,Oil Refining,PARR,,US,,,,CRAK,23,1.6%,2026-09-17,https://www.vaneck.com/us/en/etf/equity/crak/holdings/download/xlsx/,Par Pacific Holdings Inc,PARR,연결,기준일 확인
ETF구성,Equity,Energy,Oil Refining,CLMT,,US,,,,CRAK,24,1.4%,2026-09-17,https://www.vaneck.com/us/en/etf/equity/crak/holdings/download/xlsx/,Calumet Inc,CLMT,연결,기준일 확인
ETF구성,Equity,Energy,Oil Refining,TOP-R,,US,,,,CRAK,25,1.3%,2026-09-17,https://www.vaneck.com/us/en/etf/equity/crak/holdings/download/xlsx/,Thai Oil Pcl,,시세 없음,기준일 확인
ETF구성,Equity,Energy,Oil Refining,-USD CASH-,,US,,,,CRAK,26,0.2%,2026-09-17,https://www.vaneck.com/us/en/etf/equity/crak/holdings/download/xlsx/,-USD CASH-,,시세 없음,기준일 확인
ETF구성,Equity,Energy,Oil Refining,--,,US,,,,CRAK,27,0.0%,2026-09-17,https://www.vaneck.com/us/en/etf/equity/crak/holdings/download/xlsx/,Other/Cash,,시세 없음,기준일 확인
ETF구성,Equity,Energy,Oil Refining,-TWD CASH-,,US,,,,CRAK,28,0.0%,2026-09-17,https://www.vaneck.com/us/en/etf/equity/crak/holdings/download/xlsx/,-TWD CASH-,,시세 없음,기준일 확인
ETF구성,Equity,Energy,Oil Refining,-TRY CASH-,,US,,,,CRAK,29,0.0%,2026-09-17,https://www.vaneck.com/us/en/etf/equity/crak/holdings/download/xlsx/,-TRY CASH-,,시세 없음,기준일 확인
ETF구성,Equity,Energy,Oil Refining,-PLN CASH-,,US,,,,CRAK,30,0.0%,2026-09-17,https://www.vaneck.com/us/en/etf/equity/crak/holdings/download/xlsx/,-PLN CASH-,,시세 없음,기준일 확인
ETF구성,Equity,Energy,Oil Refining,-KRW CASH-,,US,,,,CRAK,31,0.0%,2026-09-17,https://www.vaneck.com/us/en/etf/equity/crak/holdings/download/xlsx/,-KRW CASH-,,시세 없음,기준일 확인
ETF구성,Equity,Energy,Oil Refining,-EUR CASH-,,US,,,,CRAK,32,0.0%,2026-09-17,https://www.vaneck.com/us/en/etf/equity/crak/holdings/download/xlsx/,-EUR CASH-,,시세 없음,기준일 확인
